kappa1,kappa2,kappa3,xi1
5.2289922017901,0.993972188199314,2.35512238577955,-2.39504357065992
5.25018,0.947,2.35901,-2.39932
5.28458,0.93706,2.36439,-2.40833
5.30078,0.903438,2.3905,-2.4559
5.29374,0.897371,2.39025,-2.45771
5.29402,0.888264,2.38666,-2.45777
5.53402,0.682082,2.35575,-2.54632
5.53594,0.681178,2.34429,-2.55608
5.69455,0.556971,2.34572,-2.57607
5.69075,0.580718,2.33789,-2.6044
5.96758,0.301147,2.23512,-2.76804
5.99359,0.310334,2.24098,-2.77931
6.01191,0.296804,2.23771,-2.77953
6.01678,0.268655,2.23516,-2.78456
6.07108,0.224832,2.16112,-2.85762
6.13584,0.153755,2.13821,-2.88048
6.1297,0.167746,2.01047,-2.96769
6.70754,-0.399581,1.97654,-3.06587
5.19435,1.10619,2.03842,-3.39925
4.47737,1.83718,1.98352,-3.41049
5.51319,0.797958,1.90371,-3.33088
5.42859,0.888701,1.83215,-3.27604
5.39504,0.945497,1.89213,-3.25756
6.04084,0.292848,1.85162,-3.2997
5.90948,0.434612,1.74515,-3.43619
5.91203,0.402496,1.74503,-3.44145
6.11462,0.217812,1.72891,-3.42469
6.10035,0.25465,1.7762,-3.45924
6.09215,0.260574,1.68206,-3.54844
5.14649,1.17498,1.55689,-3.5947
5.13331,1.18792,1.65433,-3.52535
5.97101,0.404943,1.75005,-3.29632
6.14371,0.222892,1.79398,-3.29119
5.40053,0.955902,1.74584,-3.3835
5.41307,0.935678,1.75871,-3.38834
5.14139,1.24041,1.73514,-3.25627
5.30938,1.06365,1.69434,-3.17305
5.31484,1.06543,1.69481,-3.17446
5.51027,0.867817,1.73787,-3.56557
4.81621,1.53061,1.73255,-3.41327
5.09409,1.23191,1.73177,-3.41387
5.1716,1.18695,1.72355,-3.37419
5.17223,1.14811,1.71997,-3.37799
5.26706,1.06757,1.68658,-3.35205
4.86756,1.45101,1.84193,-3.37384
5.19297,1.11417,1.79284,-3.46145
5.00227,1.31122,1.77559,-3.53276
5.34347,0.983873,1.81588,-3.78398
5.27056,1.05861,1.7902,-3.77297
4.72982,1.60406,1.59999,-3.71856
6.27822,0.0657885,1.58507,-3.67631
5.71399,0.599913,1.61027,-3.57209
5.39881,0.93197,1.62332,-3.58056
5.72796,0.586102,1.60683,-3.58862
5.9033,0.420426,1.56245,-3.57872
6.28716,0.0453634,1.52599,-3.56438
6.29465,0.0404536,1.40601,-3.5227
6.40986,-0.090424,1.37571,-3.54378
6.16109,0.160728,1.37916,-3.53776
6.0573,0.267019,1.35195,-3.62912
6.27366,0.0390159,1.33403,-3.64184
6.39152,-0.0817269,1.30101,-3.48131
5.86173,0.441584,1.44946,-3.49664
6.02554,0.278775,1.34992,-3.45222
5.72891,0.588254,1.26182,-3.54846
6.38285,-0.0684827,1.32981,-3.3674
6.41404,-0.102333,1.29693,-3.39996
6.44985,-0.133371,1.33383,-3.50346
6.94483,-0.619051,1.26315,-3.56912
6.3313,-0.0139297,1.43845,-3.60027
5.94983,0.370802,1.44541,-3.60615
5.23896,1.07926,1.27598,-3.54091
5.24216,1.05349,1.28014,-3.54193
6.22483,0.0538414,1.41338,-3.22655
5.31535,0.996401,1.31251,-3.35975
5.80621,0.486162,1.40465,-3.26857
5.94991,0.355681,1.3143,-3.50174
6.4997,-0.199536,1.37543,-3.5124
6.77628,-0.446499,1.35303,-3.53486
6.80604,-0.478711,1.3587,-3.5376
6.61797,-0.263545,1.25358,-3.61314
6.54062,-0.204267,1.26031,-3.59891
6.37452,-0.0459151,1.28595,-3.59146
6.63366,-0.280985,1.2003,-3.67888
6.07031,0.268816,1.25785,-3.55651
5.92802,0.419886,1.22171,-3.70923
5.89071,0.412448,1.2522,-3.48518
5.82942,0.474926,1.22962,-3.51069
5.34937,0.943276,1.25724,-3.52332
6.05631,0.23592,1.30756,-3.47339
6.18252,0.14567,1.2773,-3.46454
5.76227,0.547629,1.29006,-3.43132
6.13971,0.194577,1.14363,-3.38926
6.41197,-0.0878599,1.19426,-3.43472
7.0465,-0.712696,1.20911,-3.41081
6.42801,-0.110667,1.20898,-3.33065
5.71089,0.601481,1.27935,-3.39442
6.47611,-0.148799,1.20104,-3.44459
6.55785,-0.24025,1.24584,-3.49679
5.91552,0.395115,1.34803,-3.57664
5.96215,0.346784,1.33054,-3.57965
6.01817,0.282963,1.27504,-3.27095
6.02583,0.281205,1.23796,-3.25035
6.02666,0.275988,1.20381,-3.42065
6.01211,0.263244,1.20291,-3.42108
6.03985,0.288782,1.20774,-3.42149
5.94642,0.382083,1.14354,-3.35487
6.07247,0.238559,1.11642,-3.3757
6.0376,0.276263,1.1716,-3.34122
5.46877,0.854478,1.33514,-3.38403
5.56103,0.775145,1.32653,-3.39919
6.56291,-0.229332,1.15041,-3.36579
6.45476,-0.131136,1.27032,-3.35352
6.45067,-0.161275,1.26979,-3.3536
5.79518,0.507318,1.27882,-3.38592
6.24921,0.0698241,1.21836,-3.38515
6.62273,-0.300922,1.26352,-3.41167
4.91077,1.3825,1.38199,-3.37168
5.22595,1.07163,1.28088,-3.29358
5.66129,0.631448,1.28843,-3.27021
5.32396,0.946218,1.30515,-3.38501
5.60043,0.669826,1.36014,-3.36517
5.34665,0.915371,1.34381,-3.31584
5.33889,0.921319,1.3449,-3.31561
5.35598,0.925582,1.41132,-3.36973
5.39918,0.869281,1.36953,-3.37694
4.9468,1.31762,1.37401,-3.45735
4.82278,1.47049,1.49445,-3.54408
4.90595,1.37643,1.5134,-3.54925
5.00773,1.28286,1.4716,-3.53063
5.21314,1.07599,1.42702,-3.47496
5.28505,1.01964,1.41003,-3.25177
5.33788,0.959704,1.38341,-3.26401
5.40811,0.884222,1.39961,-3.23096
5.53288,0.756252,1.45519,-3.28544
6.02636,0.272429,1.32739,-3.42409
5.41731,0.901803,1.43565,-3.25609
6.05662,0.258773,1.30742,-3.21526
6.12135,0.200245,1.33345,-3.23608
5.7441,0.567951,1.52534,-3.21519
6.31676,-0.0181214,1.40796,-3.23282
6.2573,0.0376114,1.45033,-3.22486
5.56811,0.735925,1.39371,-3.3033
5.61195,0.673985,1.38201,-3.31011
5.95149,0.333515,1.40803,-3.18152
5.77955,0.518681,1.3394,-3.52308
5.76443,0.505312,1.33841,-3.52338
6.29473,0.0101747,1.4149,-3.2235
6.63757,-0.326133,1.28445,-3.32081
5.55846,0.749538,1.46167,-3.43957
5.51071,0.816171,1.44399,-3.5383
5.17447,1.13367,1.42707,-3.54603
5.89732,0.39605,1.32025,-3.55553
5.76335,0.512012,1.34876,-3.5673
5.83842,0.456361,1.35739,-3.58147
6.31944,-0.0251681,1.22804,-3.58343
6.25997,0.00503717,1.20649,-3.39773
6.2215,0.0444686,1.26785,-3.37354
6.04734,0.23445,1.27333,-3.30957
5.4072,0.869272,1.32563,-3.39155
6.59176,-0.319354,1.27942,-3.44559
5.33357,0.929081,1.23804,-3.50104
5.23824,1.01118,1.25204,-3.49872
5.17974,1.05336,1.19037,-3.65178
6.63397,-0.388638,1.21119,-3.30612
6.11716,0.117733,1.35941,-3.44436
5.50426,0.726925,1.37296,-3.4461
5.47175,0.745805,1.35428,-3.44907
5.69343,0.534142,1.2853,-3.44183
6.56092,-0.312867,1.27673,-3.47518
5.75623,0.443749,1.30473,-3.43968
5.75434,0.456754,1.28923,-3.43546
6.46752,-0.257613,1.23979,-3.68645
6.10282,0.094142,1.34486,-3.81453
6.73271,-0.5251,1.25602,-3.9996
5.2051,0.980783,1.2145,-4.05012
5.65467,0.519575,1.23354,-4.0099
5.58534,0.596603,1.20786,-3.97828
6.54313,-0.357935,1.23322,-3.2456
5.54188,0.637915,1.21209,-3.73214
5.18362,0.975548,1.12658,-3.52286
5.72092,0.471575,1.18476,-3.68351
5.59826,0.592945,1.21121,-3.68989
6.01663,0.200828,1.22857,-3.73085
5.36161,0.841865,1.20644,-3.73729
5.69918,0.513202,1.17573,-3.70074
5.87499,0.320292,1.1284,-3.55472
5.82379,0.374857,1.16919,-3.58783
5.568,0.617627,1.22414,-3.53415
6.83111,-0.631899,1.21993,-3.5143
5.67605,0.50254,1.23102,-3.34298
6.34415,-0.159252,1.279,-3.51316
6.07077,0.155715,1.2761,-3.692
5.62964,0.590145,1.16239,-3.61557
6.1949,0.0248526,1.22488,-3.53797
6.1668,0.0613614,1.14535,-3.23528
6.41163,-0.22804,1.13683,-3.19747
5.42505,0.782894,1.09946,-3.82276
6.32061,-0.135269,1.13024,-3.60081
6.75536,-0.537396,1.15547,-3.60913
7.12239,-0.912927,1.24221,-3.54898
5.90583,0.267158,1.25276,-3.33014
6.0411,0.129427,1.22317,-3.2878
5.74611,0.438405,1.21942,-3.46674
5.74398,0.460979,1.17322,-3.47072
6.31533,-0.0934257,1.13614,-3.78771
5.7738,0.448233,1.1304,-3.918
6.55069,-0.333342,1.16057,-3.41062
6.8497,-0.632498,1.23454,-3.45268
6.27973,-0.0804015,1.30537,-3.28222
5.61827,0.579029,1.20009,-3.41168
6.98884,-0.796858,1.20889,-3.75951
7.22767,-1.02353,1.1926,-3.76208
6.48577,-0.262319,1.07971,-3.65257
6.47794,-0.269229,1.07985,-3.65259
6.42993,-0.22018,1.09088,-3.65335
6.86014,-0.653663,1.16621,-3.60199
6.84259,-0.648268,1.15701,-3.56932
6.34339,-0.171059,1.12863,-3.33453
6.30769,-0.162515,1.12531,-3.26202
5.29796,0.841302,1.29916,-3.78975
6.32942,-0.14842,1.27157,-3.81215
6.4539,-0.272992,1.32127,-3.88112
6.37632,-0.220475,1.28904,-3.89087
6.38233,-0.22665,1.291,-3.89132
5.45885,0.685541,1.35186,-3.55283
5.44401,0.687347,1.41603,-3.50417
5.69822,0.434383,1.33827,-3.53065
5.48196,0.646826,1.45511,-3.52062
5.33616,0.798711,1.31755,-3.43031
5.43413,0.703928,1.38508,-3.59952
6.16876,-0.0281663,1.46187,-3.40591
6.23473,-0.0837126,1.26738,-3.53761
6.22275,-0.0937664,1.26633,-3.53759
6.25133,-0.115114,1.25176,-3.54904
6.27745,-0.145674,1.25296,-3.49747
5.09931,1.04654,1.24915,-3.5845
5.59211,0.559635,1.32408,-3.68447
4.88665,1.27909,1.12106,-3.88518
5.04275,1.12423,1.17353,-3.86957
5.87512,0.279809,1.1943,-3.57713
5.96918,0.1807,1.19454,-3.60018
5.80377,0.342834,1.25734,-3.61121
5.75856,0.404708,1.16136,-3.53006
6.31941,-0.17442,1.25532,-3.31266
6.35236,-0.19669,1.26013,-3.31293
6.46387,-0.281671,1.26154,-3.20744
6.47917,-0.261276,1.26399,-3.20644
6.73335,-0.543225,1.29947,-3.21248
5.55352,0.623511,1.32345,-3.27886
6.52237,-0.339792,1.21759,-3.39685
6.45714,-0.259226,1.21335,-3.34924
6.09551,0.0928135,1.24704,-3.27539
6.37474,-0.184469,1.23811,-3.62461
5.68093,0.481425,1.25486,-3.39473
5.49565,0.681157,1.23641,-3.35068
6.25864,-0.0764252,1.26527,-3.31216
5.89186,0.287761,1.28105,-3.23154
5.87333,0.306766,1.36802,-3.24974
6.22411,-0.041091,1.36114,-3.25025
5.69029,0.500722,1.31389,-3.75991
5.9978,0.175661,1.36379,-3.76167
6.06733,0.13292,1.36522,-3.81362
6.30298,-0.10982,1.3298,-3.77209
6.0968,0.0913404,1.35463,-3.72189
6.18711,0.00454677,1.36238,-3.69736
6.57784,-0.379155,1.18774,-3.66676
6.06277,0.131382,1.42779,-3.51798
5.5641,0.629573,1.30627,-3.59026
6.18,-0.0191633,1.39618,-3.56192
5.11067,1.03439,1.38502,-3.7175
5.56311,0.591276,1.41418,-3.578
5.58843,0.592884,1.42573,-3.68058
5.42105,0.751697,1.41387,-3.82919
5.43332,0.731123,1.42382,-3.83241
5.61522,0.521912,1.48503,-3.56976
5.77469,0.37795,1.46715,-3.60307
6.11582,0.059592,1.44851,-3.60896
5.95757,0.247482,1.42344,-3.86873
5.51376,0.664323,1.44817,-3.82826
6.59023,-0.395517,1.36826,-3.64323
6.62427,-0.485496,1.50292,-3.49998
5.35357,0.810598,1.39926,-3.46528
5.3787,0.811642,1.39945,-3.46505
5.20048,0.978983,1.39625,-3.43866
5.50641,0.680598,1.46482,-3.39899
5.98509,0.167823,1.46884,-3.43033
6.20019,-0.041161,1.44138,-3.43649
6.20277,-0.0229422,1.45867,-3.43994
5.53639,0.632069,1.5223,-3.49407
5.45732,0.712683,1.39124,-3.57019
5.37046,0.821169,1.34024,-3.63474
5.37239,0.808323,1.52142,-3.48976
5.27119,0.895393,1.53312,-3.50638
5.638,0.539944,1.42012,-3.48838
5.39614,0.778303,1.32033,-3.51307
5.40183,0.777607,1.32157,-3.51524
5.44227,0.727357,1.36542,-3.5189
6.2141,-0.0511419,1.37384,-3.89855
4.81825,1.34056,1.36253,-3.78327
5.31662,0.83696,1.45674,-3.59175
5.2391,0.907123,1.37199,-3.55548
5.82038,0.334155,1.36534,-3.58509
6.13041,0.0175052,1.40662,-3.59769
5.99622,0.146227,1.47899,-3.56452
5.2178,0.912892,1.31347,-3.52347
5.84009,0.287792,1.41821,-3.45548
5.54624,0.58065,1.44047,-3.50996
5.69318,0.426572,1.36907,-3.61698
5.77253,0.351967,1.25345,-3.47892
5.77852,0.351493,1.25329,-3.47875
5.89164,0.22156,1.21356,-3.47212
6.17193,-0.0529424,1.38681,-3.3664
5.85674,0.264956,1.32075,-3.41677
5.69638,0.438258,1.38389,-3.46647
4.86867,1.26016,1.3592,-3.44965
5.30395,0.832946,1.31239,-3.2893
5.26437,0.862862,1.34719,-3.24883
6.1993,-0.0554171,1.25842,-3.39674
6.25645,-0.102015,1.31094,-3.35811
5.58796,0.521944,1.39275,-3.11595
5.55435,0.554422,1.42941,-3.09554
5.78017,0.348881,1.35131,-3.12294
5.89709,0.23267,1.31136,-3.104
5.75137,0.408644,1.25296,-3.12298
5.73512,0.410957,1.25561,-3.1245
5.71373,0.4379,1.23897,-3.10902
5.67006,0.465887,1.31629,-3.20523
5.26088,0.887777,1.4447,-3.26544
5.28403,0.864428,1.42328,-3.27535
5.20222,0.940237,1.37493,-3.29614
5.06365,1.06948,1.49106,-3.39104
5.35387,0.777886,1.29779,-3.54645
5.61732,0.518325,1.35372,-3.53323
5.50099,0.618962,1.41955,-3.08515
5.30394,0.812227,1.35893,-3.21268
5.42448,0.691861,1.24357,-3.32274
4.94984,1.17296,1.2695,-3.44838
6.17973,-0.0515146,1.26947,-3.23679
5.13327,0.994053,1.32769,-3.31957
6.35733,-0.235899,1.21177,-3.34533
5.16916,0.960175,1.24891,-3.37324
6.42965,-0.301817,1.17895,-3.16113
6.26398,-0.151157,1.19813,-3.18663
6.52214,-0.408509,1.21258,-3.19526
5.18722,0.919482,1.0945,-3.28759
5.86655,0.24587,1.14935,-3.37168
5.87461,0.247377,1.1475,-3.37286
5.75734,0.355279,1.06502,-3.36187
5.75763,0.337604,1.15681,-3.27409
5.63587,0.434595,1.15775,-3.30087
5.55326,0.551236,1.0731,-3.29299
5.16083,0.93181,1.08508,-3.37048
5.34548,0.771304,0.936916,-3.38372
5.97422,0.160539,0.928487,-3.39699
5.42606,0.715209,0.964915,-3.43218
5.58231,0.568442,1.01339,-3.39671
5.5159,0.610753,1.03935,-3.21494
5.51982,0.6114,1.03845,-3.2159
5.65349,0.486107,1.02518,-3.40924
5.81012,0.336951,1.13804,-3.44466
6.17549,-0.0373184,1.15039,-3.36497
6.39973,-0.249989,1.00813,-3.45526
6.65714,-0.506102,1.02369,-3.47374
5.58874,0.555276,0.8535,-3.48976
5.62516,0.528699,0.855207,-3.52043
6.59185,-0.433035,0.909141,-3.54021
5.80891,0.320856,0.949853,-3.55477
5.52307,0.617744,0.910557,-3.53751
5.57986,0.564049,0.924462,-3.54493
6.11903,-0.00854263,1.04305,-3.33499
6.12637,-0.00218494,1.05277,-3.34292
6.00053,0.152051,1.03298,-3.34026
6.01607,0.137941,0.957993,-3.43336
5.96197,0.188887,1.0082,-3.65617
5.96188,0.198334,1.01343,-3.28677
6.0504,0.107669,0.920425,-3.41922
6.1219,0.00733872,1.0045,-3.42945
6.12743,0.0183678,1.00461,-3.42926
5.88782,0.250668,0.94714,-3.30229
6.13578,0.00468739,0.903062,-3.44909
6.06886,0.0707174,0.991341,-3.41426
6.0186,0.121825,1.01304,-3.50806
5.98467,0.169872,1.02481,-3.46923
6.39839,-0.249906,1.01358,-3.25671
5.91076,0.24205,1.02084,-3.38331
5.95271,0.209613,0.970905,-3.37503
6.22468,-0.0605259,0.988686,-3.38403
5.75463,0.403745,1.07485,-3.50544
6.11492,0.0594491,1.00944,-3.5063
5.71933,0.430199,1.07278,-3.62017
5.96523,0.189391,1.00162,-3.57481
5.89092,0.268092,1.06046,-3.55572
6.73667,-0.576749,1.08926,-3.44256
6.14276,0.0161478,1.07617,-3.42041
6.13193,0.00633516,1.07561,-3.42
6.16718,-0.0127467,1.19562,-3.38013
6.17284,-0.0206065,1.11055,-3.22957
6.2297,-0.0621607,1.1189,-3.22466
6.23671,-0.0426389,1.12545,-3.4632
6.04851,0.16199,1.19091,-3.63209
6.06033,0.123718,1.16867,-3.40529
5.98961,0.171124,1.22668,-3.4116
6.1754,-0.0159344,1.18203,-3.50072
5.58723,0.567732,1.14911,-3.48382
5.8406,0.30443,1.2406,-3.24768
5.62288,0.545838,1.21839,-3.5187
6.16653,0.0301958,1.2257,-3.47959
6.59437,-0.411735,1.20106,-3.38891
6.41687,-0.26442,1.2287,-3.48154
6.40828,-0.266268,1.22946,-3.48209
5.84034,0.333081,1.16314,-3.56942
5.99788,0.156277,1.25401,-3.35817
5.41899,0.723603,1.22767,-3.44413
6.34978,-0.193377,1.1519,-3.5399
6.52627,-0.339558,1.15788,-3.54618
5.7536,0.373923,1.13398,-3.4814
5.44756,0.676896,1.31139,-3.41793
5.55069,0.605884,1.1719,-3.52606
6.26935,-0.131052,1.19528,-3.33206
5.38465,0.75902,1.22985,-3.29667
6.38781,-0.244116,1.14333,-3.54646
5.34199,0.79186,1.19494,-3.40881
6.08556,0.0555433,1.22422,-3.28277
6.46621,-0.333485,1.20737,-3.24634
6.47387,-0.316086,1.20685,-3.24668
5.71908,0.452745,1.14231,-3.46269
6.00851,0.123804,1.15819,-3.28182
6.22536,-0.0765179,1.0713,-3.30193
6.47849,-0.336491,1.17794,-3.51125
6.17156,-0.0261074,1.2,-3.55439
6.81975,-0.656671,1.17573,-3.46249
5.46941,0.69579,1.12925,-3.42665
5.33947,0.829776,1.22535,-3.55584
5.31538,0.86432,1.20297,-3.53827
5.49505,0.66626,1.21065,-3.57002
5.52,0.651422,1.22689,-3.56661
6.17276,0.00528131,1.22487,-3.48498
5.56871,0.58733,1.21771,-3.44546
5.8293,0.338623,1.26326,-3.63445
5.71197,0.464488,1.27588,-3.58762
5.59131,0.621247,1.28908,-3.58414
5.99129,0.205727,1.24809,-3.36061
6.34577,-0.140755,1.22575,-3.41445
5.56206,0.602365,1.30332,-3.55882
5.62278,0.555068,1.23696,-3.62868
5.86223,0.318387,1.2834,-3.47609
5.89073,0.331223,1.28359,-3.47536
6.16944,0.0407036,1.33795,-3.43322
6.05047,0.173614,1.32527,-3.42021
6.04801,0.167413,1.32509,-3.42029
5.96326,0.274495,1.35435,-3.41023
5.07192,1.16997,1.32482,-3.42939
5.1855,1.03441,1.30965,-3.38434
4.98805,1.25048,1.3886,-3.34173
5.63218,0.617656,1.32223,-3.54693
5.49828,0.720195,1.33885,-3.32512
6.051,0.182639,1.26004,-3.51276
5.51693,0.713408,1.22362,-3.45334
5.6167,0.593801,1.2984,-3.39195
6.371,-0.14413,1.19653,-3.29251
6.29321,-0.0610946,1.28703,-3.23952
5.84746,0.353308,1.24357,-3.43885
5.6577,0.530276,1.23738,-3.40719
5.6756,0.538476,1.19491,-3.56967
6.30059,-0.0786648,1.21722,-3.24502
6.20997,0.0113673,1.16763,-3.23096
6.20475,0.0355311,1.12893,-3.22241
6.06542,0.172816,1.18969,-3.21282
5.34829,0.905661,1.18647,-3.33318
5.05586,1.18941,1.22997,-3.2521
5.6928,0.558683,1.2637,-3.23734
6.4078,-0.165546,1.25783,-3.33746
5.93203,0.323865,1.28182,-3.57133
5.69524,0.557979,1.33707,-3.62091
5.51757,0.740838,1.25806,-3.41772
5.46073,0.795647,1.34484,-3.48941
5.56196,0.746095,1.11247,-3.39877
5.79264,0.493213,1.19907,-3.37331
5.81652,0.458888,1.24336,-3.43983
6.07993,0.200093,1.27883,-3.58093
5.3926,0.852556,1.27067,-3.48802
5.74234,0.524067,1.18411,-3.58642
5.42894,0.830861,1.23257,-3.54113
6.07594,0.170129,1.23652,-3.42103
5.51344,0.738949,1.19523,-3.28162
5.14807,1.09909,1.1364,-3.24055
5.14866,1.09697,1.13844,-3.23557
5.10151,1.16496,1.18481,-3.33629
6.35381,-0.0799337,1.15999,-3.39347
6.52038,-0.246864,1.04675,-3.38061
6.12893,0.109204,1.06299,-3.44848
6.75202,-0.504562,1.12594,-3.59244
6.68712,-0.408841,0.983558,-3.62633
5.0931,1.14453,1.16802,-3.55226
5.99429,0.262155,0.925575,-3.61292
6.45482,-0.225207,1.17054,-3.35538
5.15538,1.10329,0.968111,-3.37718
5.05192,1.23397,1.06864,-3.36741
5.59428,0.676737,1.21152,-3.39817
6.02987,0.232866,1.0703,-3.36034
5.82144,0.444315,1.08138,-3.38036
5.85967,0.411015,1.09872,-3.55062
5.72218,0.548707,1.14151,-3.38558
5.48341,0.782221,1.10955,-3.31722
6.01135,0.250374,1.10435,-3.39259
5.57444,0.71571,1.05725,-3.63246
6.07888,0.196203,0.980508,-3.6894
6.04369,0.238461,1.00064,-3.67796
5.23832,1.03736,1.10287,-3.42889
6.58883,-0.303652,1.13934,-3.37767
6.62128,-0.344405,1.18649,-3.47869
6.7279,-0.455182,1.15919,-3.47754
6.41621,-0.161521,1.14055,-3.4636
7.16812,-0.919738,1.22977,-3.44134
4.99725,1.26845,1.1229,-3.48591
5.84072,0.427766,1.15482,-3.46337
6.43021,-0.158455,1.25847,-3.42234
5.57215,0.692646,1.24027,-3.4252
5.92302,0.348691,1.30928,-3.417
5.57132,0.67612,1.2588,-3.51113
5.60474,0.632498,1.2301,-3.5287
5.56485,0.670696,1.15913,-3.529
6.33731,-0.100725,1.31696,-3.35541
5.90477,0.343845,1.2924,-3.24675
6.37746,-0.13317,1.1832,-3.37124
6.53008,-0.280395,1.22327,-3.4207
6.33284,-0.0794889,1.26778,-3.43484
5.01686,1.24534,1.27577,-3.49943
5.67285,0.618223,1.23855,-3.23972
5.64665,0.606044,1.35249,-3.39734
5.48618,0.760976,1.34095,-3.38278
5.50523,0.738002,1.31389,-3.38738
5.70364,0.567181,1.25804,-3.60381
5.1913,1.03224,1.39532,-3.42941
5.53144,0.715817,1.30777,-3.46687
5.34334,0.892127,1.38688,-3.48253
6.04362,0.189409,1.44383,-3.62441
6.07067,0.164164,1.4624,-3.63106
4.6431,1.62177,1.35575,-3.62209
5.78654,0.476909,1.34428,-3.51332
5.43407,0.820969,1.37455,-3.48245
5.36943,0.90142,1.31864,-3.51601
4.75532,1.5038,1.37542,-3.53225
4.6055,1.66194,1.39666,-3.5698
6.03012,0.244231,1.45593,-3.43634
6.11833,0.151693,1.46348,-3.4343
5.54597,0.728202,1.24441,-3.46863
5.79114,0.455805,1.22732,-3.47439
5.96881,0.280334,1.21711,-3.48066
5.94206,0.28251,1.20962,-3.48572
6.00917,0.23417,1.20035,-3.48607
6.14061,0.0926008,1.31375,-3.27142
5.84086,0.395882,1.38767,-3.37434
5.56322,0.666128,1.35851,-3.36046
5.55272,0.650616,1.35774,-3.36029
5.82982,0.386531,1.15672,-3.29507
5.76908,0.445669,1.18623,-3.31113
5.91068,0.301028,1.30436,-3.33009
5.90112,0.281928,1.30551,-3.33049
5.44695,0.738977,1.2035,-3.28524
5.46793,0.750064,1.20356,-3.28649
5.81839,0.388489,1.39618,-3.32853
6.11159,0.104433,1.24843,-3.37669
6.05929,0.107475,1.32841,-3.29164
5.36193,0.784182,1.32636,-3.17179
5.79046,0.410534,1.30052,-3.27774
6.03634,0.164874,1.29326,-3.28395
5.59217,0.608741,1.26893,-3.29307
5.41208,0.805002,1.25128,-3.39033
5.41208,0.805002,1.25128,-3.39033
6.00868,0.185344,1.28193,-3.19034
5.79174,0.412059,1.20097,-3.19385
5.97792,0.221551,1.30752,-3.32174
5.27328,0.925905,1.21223,-3.42841
6.06673,0.154798,1.31938,-3.2794
5.70294,0.522826,1.31065,-3.41289
5.46275,0.74357,1.33581,-3.22628
5.59806,0.575155,1.21815,-3.17659
5.57512,0.59063,1.21987,-3.17993
5.66946,0.502035,1.20196,-3.26515
5.88195,0.277336,1.25003,-3.20639
5.65434,0.529333,1.27485,-3.24051
5.51501,0.652481,1.24886,-3.30178
5.43591,0.719862,1.27192,-3.27671
5.47847,0.673634,1.19839,-3.24662
5.74292,0.421269,1.13312,-3.47968
5.22752,0.92939,1.28727,-3.19508
5.44276,0.719317,1.30295,-3.25336
6.08903,0.0611384,1.16066,-3.22077
6.09295,0.0512265,1.16224,-3.22116
6.02294,0.123841,1.19199,-3.18436
6.47042,-0.315022,1.15694,-3.1872
5.03002,1.11577,1.08794,-3.46111
6.29829,-0.151692,1.11665,-3.24133
6.45698,-0.290632,1.10009,-3.22983
6.24268,-0.0869461,1.20893,-3.50245
6.59591,-0.425233,1.23786,-3.54275
6.67296,-0.498431,1.25671,-3.55185
6.18774,-0.00590853,1.20955,-3.43529
6.40493,-0.208453,1.19084,-3.39647
5.69173,0.482744,1.15476,-3.24003
5.69271,0.50259,1.15982,-3.36359
5.55333,0.641858,1.1453,-3.31635
5.35196,0.843102,1.2201,-3.30298
6.54247,-0.337379,1.11381,-3.31492
6.32565,-0.100208,1.14235,-3.335
6.3262,-0.0981331,1.15995,-3.53955
5.6787,0.541594,1.16324,-3.47168
5.57609,0.640889,1.20393,-3.43911
5.98077,0.237899,1.15738,-3.44915
5.5038,0.729655,1.15793,-3.163
5.62315,0.559813,1.23596,-3.10254
5.00258,1.21207,1.18609,-3.74358
4.96858,1.22635,1.19612,-3.74791
5.05209,1.13985,1.25684,-3.70394
5.28214,0.917811,1.17665,-3.66044
5.27081,0.910389,1.1769,-3.66083
5.50009,0.702392,1.36754,-3.61022
5.12467,1.079,1.34284,-3.62524
5.53486,0.681427,1.28325,-3.51646
6.16344,0.0446017,1.3057,-3.19361
5.95547,0.26165,1.11089,-3.35554
5.29518,0.912827,1.28163,-3.45131
5.36461,0.849984,1.17735,-3.47001
5.45904,0.755798,1.16096,-3.47002
5.26705,0.961667,1.22437,-3.50106
5.23691,0.994858,1.20969,-3.49586
6.66476,-0.461619,1.25466,-3.33497
6.95323,-0.736863,1.18734,-3.39637
6.17683,0.0288098,1.14625,-3.25226
6.5028,-0.291787,1.06175,-3.12632
5.64305,0.577856,1.18882,-3.13103
5.84862,0.390139,1.19434,-3.16958
5.84882,0.388085,1.19379,-3.16945
6.9481,-0.696263,0.992186,-3.51437
5.22916,1.01486,1.06833,-3.40411
5.295,0.954821,1.1001,-3.44924
5.2696,0.971872,1.09929,-3.44619
6.25493,0.00223046,1.07436,-3.50733
5.73149,0.517061,1.13038,-3.60522
5.90033,0.361741,1.13146,-3.38055
6.25934,-0.00607063,1.16687,-3.43489
6.52133,-0.265939,1.04865,-3.44032
6.92263,-0.669997,1.08809,-3.41471
6.20225,0.0478092,0.972485,-3.47051
6.21606,0.00579428,1.01985,-3.5405
5.22746,1.00118,1.00731,-3.72892
5.82714,0.38903,1.03786,-3.66315
6.43483,-0.191783,1.09656,-3.53
6.77976,-0.571512,1.08298,-3.5749
6.02704,0.191121,1.25648,-3.44354
5.98554,0.23266,1.2128,-3.40211
5.52951,0.676829,1.25452,-3.65485
6.56646,-0.351218,1.24779,-3.426
5.41625,0.803543,1.28637,-3.56271
5.2861,0.930723,1.29556,-3.52811
5.27299,0.958282,1.29472,-3.5308
5.27675,0.946492,1.30056,-3.53131
5.29428,0.941985,1.34935,-3.51587
6.23143,0.00973566,1.33983,-3.57683
6.54803,-0.315534,1.28128,-3.53207
5.74671,0.471688,1.27975,-3.45112
5.50574,0.744575,1.25547,-3.55934
6.95705,-0.71171,1.18467,-3.368
6.60135,-0.349836,1.36218,-3.25266
6.5963,-0.362139,1.3745,-3.25279
6.46779,-0.195588,1.43496,-3.5093
6.51669,-0.248752,1.46199,-3.54045
6.43319,-0.175974,1.42922,-3.57084
6.51194,-0.252489,1.3219,-3.56723
6.43731,-0.189533,1.28607,-3.46989
6.35201,-0.115456,1.28419,-3.43318
5.35407,0.872689,1.46965,-3.64097
5.86392,0.361295,1.40034,-3.55892
5.7952,0.422,1.39154,-3.46109
5.75,0.464613,1.39784,-3.46305
6.1917,0.0437724,1.33688,-3.40971
6.22014,0.00209818,1.35408,-3.42179
5.8409,0.370779,1.34391,-3.43951
6.25187,-0.0284731,1.21566,-3.15747
6.6968,-0.472145,1.20299,-3.18317
6.95565,-0.728992,1.21613,-3.23803
6.98458,-0.763824,1.27392,-3.37801
6.80244,-0.587649,1.31897,-3.32432
6.07082,0.150194,1.2118,-3.45607
6.34,-0.124757,1.27855,-3.52231
6.24514,-0.00722663,1.24539,-3.49333
6.31837,-0.0679245,1.27356,-3.48047
5.43005,0.76728,1.3273,-3.35761
5.33141,0.852263,1.36081,-3.35137
5.34521,0.870516,1.35978,-3.35387
5.30087,0.90226,1.34556,-3.36878
5.86605,0.339378,1.43465,-3.61044
5.30877,0.931208,1.36751,-3.58979
5.62349,0.594197,1.4605,-3.3816
5.49324,0.705949,1.52011,-3.3801
5.43194,0.751772,1.48893,-3.34942
5.59322,0.604983,1.44856,-3.34893
6.1858,0.0229796,1.31002,-3.31616
6.00621,0.195066,1.35649,-3.29222
6.0343,0.194178,1.36233,-3.29405
6.14708,0.111501,1.3758,-3.22989
6.30033,-0.0535488,1.37526,-3.17904
6.14228,0.110474,1.38666,-3.13966
6.61972,-0.389713,1.31654,-3.24429
6.54526,-0.321421,1.38851,-3.26936
5.5385,0.678905,1.41342,-3.36042
5.94614,0.261489,1.39724,-3.4766
5.49707,0.698985,1.36025,-3.29171
5.38804,0.804156,1.29387,-3.49517
5.89168,0.308876,1.39823,-3.49303
5.98242,0.223676,1.42879,-3.50312
5.98729,0.220144,1.43153,-3.50173
5.96488,0.230134,1.3295,-3.57549
6.00973,0.18541,1.35826,-3.57058
6.13378,0.0260629,1.45009,-3.45404
6.10133,0.0551964,1.46544,-3.43559
6.20089,-0.0419289,1.50397,-3.41631
5.86152,0.308121,1.37024,-3.69028
5.49624,0.688536,1.40383,-3.73261
4.77294,1.44812,1.37348,-3.69744
5.01839,1.19569,1.47437,-3.68738
5.046,1.16238,1.47487,-3.50386
5.08372,1.1286,1.45047,-3.58996
5.15733,1.04063,1.50701,-3.54876
5.18378,1.01256,1.51688,-3.59003
5.37392,0.834319,1.4655,-3.52555
5.35515,0.850678,1.3724,-3.47599
5.54588,0.67013,1.31957,-3.49957
5.43162,0.770604,1.30523,-3.49829
6.30181,-0.0865481,1.3258,-3.34579
5.67282,0.544379,1.3569,-3.5176
5.36277,0.848791,1.44779,-3.62027
5.9904,0.212838,1.54192,-3.47242
6.2217,-0.0224178,1.49079,-3.48049
5.94103,0.242844,1.43371,-3.47984
5.29483,0.906944,1.49627,-3.72119
5.30752,0.897053,1.48613,-3.71899
5.48555,0.730171,1.43153,-3.62819
5.5799,0.630757,1.55525,-3.61761
5.48864,0.734554,1.45978,-3.56494
5.48576,0.728376,1.45983,-3.56471
5.60899,0.577132,1.48143,-3.36208
5.55255,0.616827,1.56918,-3.41745
6.01514,0.1913,1.35377,-3.48019
6.178,0.0259711,1.42192,-3.49874
6.79259,-0.581501,1.41056,-3.4613
6.5035,-0.289711,1.3566,-3.56064
6.502,-0.260445,1.37896,-3.55698
6.48465,-0.274664,1.37814,-3.55688
5.83212,0.378054,1.39019,-3.60246
5.87975,0.331918,1.47261,-3.72252
5.84875,0.379635,1.43334,-3.71941
5.74652,0.478155,1.34299,-3.77368
5.71095,0.518485,1.28891,-3.842
5.91601,0.304662,1.30421,-3.87995
6.83376,-0.609706,1.23118,-3.8933
6.41314,-0.200837,1.22069,-3.93498
6.04782,0.153144,1.2183,-3.8894
6.27999,-0.0820815,1.24808,-3.52734
5.76379,0.445394,1.23707,-3.53529
5.95175,0.251808,1.25806,-3.78671
6.07504,0.121421,1.17001,-3.76205
6.06311,0.0878279,1.17043,-3.76352
5.79156,0.335799,1.34006,-3.55998
5.7865,0.359702,1.33264,-3.56002
5.83527,0.345756,1.34328,-3.59263
6.61764,-0.439757,1.32963,-3.62505
6.51159,-0.368482,1.32699,-3.62385
5.95831,0.200787,1.31266,-3.6252
5.85102,0.307036,1.22516,-3.59997
5.78685,0.3517,1.33027,-3.58631
5.72928,0.417315,1.2717,-3.58396
6.03157,0.125262,1.24294,-3.83889
5.22074,0.904018,1.21029,-3.60833
6.1333,0.0129513,1.20192,-3.97005
6.02968,0.0979092,1.2065,-4.00393
5.68267,0.428428,1.30766,-3.02797
6.06195,0.0536886,1.29936,-3.0428
6.04006,0.0548997,1.3559,-3.04629
6.49171,-0.364077,1.24077,-3.07747
6.31111,-0.195509,1.34027,-3.09094
6.52669,-0.404142,1.24844,-3.19332
6.32037,-0.203013,1.35014,-3.21511
6.39703,-0.243101,1.34128,-3.22036
5.89767,0.21355,1.20687,-3.19044
6.03717,0.115395,1.27716,-3.15161
6.06299,0.0474633,1.292,-3.63439
6.28441,-0.14902,1.19404,-3.62999
6.78816,-0.644079,1.19908,-3.54086
5.7577,0.357283,1.09402,-3.2455
5.71867,0.39837,1.31723,-3.47582
5.78361,0.328764,1.10545,-3.26727
5.44245,0.704031,1.12412,-3.22791
6.30687,-0.185135,1.11503,-3.28421
6.78043,-0.668599,1.22208,-3.19565
5.9416,0.175203,1.18053,-3.1191
6.81864,-0.672549,1.10846,-3.83216
5.49693,0.623889,1.19102,-3.83534
5.51482,0.638015,1.18638,-3.83404
5.49231,0.583476,1.18114,-3.83821
5.41433,0.673287,1.19549,-3.86873
5.93971,0.179474,1.19702,-3.90847
5.8222,0.296436,1.19478,-3.90047
6.35517,-0.24059,1.19538,-3.65631
6.34417,-0.217466,1.18882,-3.56266
6.63456,-0.511792,1.26785,-3.57525
7.01754,-0.907682,1.25154,-3.58298
6.1479,-0.0219267,1.16556,-3.72074
6.20113,-0.0868011,1.19418,-3.71253
6.11901,-0.030225,1.19449,-3.7075
5.86313,0.238222,1.13649,-4.10323
5.98873,0.100381,1.15761,-3.56344
5.92152,0.177027,1.09347,-3.61162
5.89908,0.193978,1.0972,-3.6203
5.99697,0.0647518,1.08873,-3.60328
6.0219,0.0545014,1.1359,-3.58031
5.62294,0.441046,1.11364,-3.37304
5.95049,0.139672,1.0503,-3.46188
5.98391,0.0972346,1.15308,-3.45727
5.93586,0.14942,1.13382,-3.68172
6.16076,-0.0798244,1.12071,-3.44805
6.08702,-0.020752,1.12416,-3.52576
5.5442,0.54092,1.04741,-3.69737
5.717,0.366146,0.998324,-3.67458
6.49221,-0.412934,1.13667,-3.41283
6.44725,-0.366419,1.02575,-3.38261
5.79674,0.295644,1.0446,-3.76844
6.19182,-0.113378,1.14082,-3.24268
5.86817,0.191076,1.07062,-3.65765
5.70973,0.330202,1.17558,-3.50066
5.84607,0.20109,1.22127,-3.25859
5.87325,0.18439,1.21714,-3.26461
5.80853,0.274466,1.22315,-3.38911
5.63152,0.415495,1.24904,-3.5695
5.55523,0.509959,1.34249,-3.62788
5.54332,0.497185,1.34306,-3.62838
5.54889,0.497005,1.34024,-3.62954
6.22579,-0.170477,1.20483,-3.69133
5.48063,0.554593,1.33371,-3.37425
5.52206,0.518019,1.20751,-3.4553
5.15135,0.88902,1.25048,-3.35897
5.14135,0.875591,1.25115,-3.35884
5.47637,0.558003,1.19735,-3.43868
6.00061,0.0196443,1.29454,-3.42865
5.92625,0.0831429,1.20548,-3.28296
5.63123,0.378362,1.26276,-3.35868
5.70024,0.29911,1.23247,-3.37521
5.19875,0.774047,1.18317,-3.57618
5.69134,0.299868,1.26412,-3.50438
5.30138,0.712181,1.16237,-3.52226
5.55015,0.450911,1.36481,-3.51328
5.81887,0.165667,1.23909,-3.53777
5.87055,0.116859,1.1654,-3.5324
5.88295,0.147991,1.15659,-3.52809
5.44046,0.583882,1.2632,-3.75522
6.51077,-0.478235,1.22228,-3.54108
6.23731,-0.195032,1.20523,-3.55206
6.36409,-0.346665,1.20032,-3.54257
6.8016,-0.777038,1.13517,-3.52175
6.712,-0.698208,1.14676,-3.51869
6.58469,-0.592798,1.18333,-3.55327
5.17229,0.812911,1.1906,-3.77279
5.02109,0.962214,1.17626,-3.79433
5.34018,0.652409,1.23462,-3.74748
5.22695,0.766383,1.2179,-3.73914
5.11146,0.884892,1.17797,-3.72922
5.00948,0.978628,1.15965,-3.79575
6.50639,-0.515658,1.1685,-3.59756
6.51582,-0.553669,1.16757,-3.59706
6.61711,-0.638031,1.1665,-3.65221
6.65363,-0.642401,1.16902,-3.65634
6.55103,-0.536195,1.12171,-3.69244
6.60069,-0.634392,1.15497,-3.70178
6.45353,-0.48872,1.16821,-3.67016
6.50569,-0.508826,1.21452,-3.46776
5.67567,0.282747,1.16352,-3.34982
5.66678,0.275456,1.16444,-3.35017
6.07019,-0.130376,1.1798,-3.47637
5.60611,0.336214,1.20497,-3.5238
5.74962,0.203376,1.25346,-3.66023
5.65466,0.302034,1.26018,-3.64369
5.42453,0.550498,1.0588,-3.95024
6.00523,-0.0531251,1.21778,-3.70384
6.07945,-0.112861,1.16934,-3.71859
5.48182,0.489297,1.20252,-3.44793
5.75733,0.222997,1.13863,-3.50918
5.79442,0.215355,1.19185,-3.48857
5.95766,0.0863968,1.1513,-3.49052
5.66503,0.371693,1.26615,-3.57697
5.68208,0.369266,1.36666,-3.69001
6.35011,-0.310508,1.36447,-3.56872
5.27805,0.764214,1.40233,-3.53238
5.44221,0.59238,1.36618,-3.52636
6.12992,-0.0975392,1.35663,-3.50861
6.38543,-0.329357,1.33189,-3.51582
4.9097,1.14725,1.30744,-3.85991
4.9585,1.11589,1.27522,-3.77264
5.78879,0.270647,1.28639,-3.763
5.71981,0.349821,1.27666,-3.74767
5.67008,0.397705,1.35111,-3.51629
5.50161,0.559242,1.45928,-3.39438
5.9061,0.164368,1.42595,-3.41871
5.13975,0.946833,1.48306,-3.7805
5,1.09219,1.22343,-3.53317
5.68304,0.411879,1.28459,-3.50701
5.89815,0.224603,1.26619,-3.23442
5.17403,0.941139,1.31275,-3.26808
5.20577,0.877201,1.30878,-3.2719
5.30651,0.780018,1.35544,-3.27522
5.90621,0.195284,1.40247,-3.39157
5.18444,0.905979,1.31581,-3.38307
5.2617,0.814275,1.41885,-3.21282
5.99356,0.103455,1.36802,-3.2024
5.92283,0.137717,1.38736,-3.18332
5.40397,0.66318,1.36534,-3.3535
5.67846,0.405318,1.38289,-3.31835
6.04321,0.0521372,1.33936,-3.4745
6.56736,-0.487533,1.33688,-3.61429
5.382,0.679884,1.40466,-3.51966
5.86794,0.189142,1.34838,-3.55596
5.36659,0.70146,1.38012,-3.55574
5.34203,0.735394,1.39574,-3.54853
5.06911,0.989343,1.37255,-3.56156
5.65242,0.420646,1.32486,-3.61024
5.65616,0.414224,1.32655,-3.60987
5.21013,0.857495,1.31158,-3.57404
5.25192,0.816707,1.41572,-3.67137
5.19056,0.857777,1.37241,-3.67713
5.30896,0.75616,1.39516,-3.61357
5.32467,0.729337,1.41156,-3.61319
6.11573,-0.0331777,1.30673,-3.57651
5.52706,0.550308,1.29882,-3.56611
6.00531,0.0617464,1.3431,-3.31151
5.99345,0.0749955,1.48712,-3.55278
5.28908,0.760478,1.37293,-3.72254
5.84069,0.214061,1.36995,-3.6949
5.93617,0.0941784,1.39415,-3.18989
5.90727,0.146847,1.39844,-3.32127
5.99124,0.0641359,1.3037,-3.50303
6.56905,-0.504194,1.36474,-3.32909
5.73614,0.294438,1.42999,-3.22124
6.15248,-0.104946,1.34139,-3.53399
5.5236,0.512336,1.39698,-3.39112
5.54252,0.491377,1.42641,-3.45543
6.33529,-0.274381,1.38233,-3.43693
5.60141,0.422125,1.4088,-3.62532
5.41638,0.608688,1.35463,-3.76601
5.3817,0.646406,1.22864,-3.7304
5.2892,0.755447,1.36329,-3.65845
5.593,0.459881,1.33835,-3.83575
5.38747,0.675762,1.24279,-3.67885
5.19365,0.846044,1.26106,-3.54542
5.3464,0.732154,1.23589,-3.5081
5.56742,0.494112,1.2575,-3.52689
5.42158,0.608931,1.26148,-3.52594
5.42956,0.613585,1.26195,-3.52597
5.58935,0.442375,1.27856,-3.47973
5.65569,0.394635,1.28316,-3.47551
5.58672,0.459075,1.2788,-3.46479
5.41295,0.615573,1.30633,-3.39728
4.90553,1.12957,1.26065,-3.4496
5.51949,0.497894,1.24856,-3.52203
5.54045,0.512637,1.2478,-3.52132
5.52347,0.534528,1.13961,-3.42546
5.483,0.59186,1.12727,-3.42752
5.41011,0.660539,1.12436,-3.44425
6.32635,-0.253361,1.25183,-3.19647
6.32355,-0.23815,1.23444,-3.22104
6.10763,-0.0322702,1.1771,-3.24542
6.10105,-0.0387227,1.17747,-3.24548
5.99979,0.0609928,1.26685,-3.30292
5.74762,0.295113,1.23599,-3.31768
5.53524,0.518672,1.17974,-3.35712
5.54562,0.524838,1.17335,-3.35237
5.65165,0.409157,1.10144,-3.34381
5.64198,0.434382,1.11902,-3.35772
5.44748,0.623454,1.0974,-3.49403
5.453,0.641927,1.15336,-3.39835
5.13316,0.929463,1.05125,-3.4283
5.17907,0.875891,1.04159,-3.40622
6.0074,0.0478933,1.10279,-3.31738
6.16402,-0.0950377,1.13032,-3.40518
6.1894,-0.115553,1.09459,-3.25734
6.64688,-0.542155,1.02317,-3.27968
5.83309,0.260215,1.12256,-3.43505
5.45285,0.636701,1.07202,-3.352
5.16631,0.931779,1.0546,-3.37976
5.45175,0.631272,1.14824,-3.32089
5.43826,0.652313,1.05146,-3.23436
5.49969,0.592563,1.07648,-3.23951
5.83904,0.262731,1.06249,-3.25054
5.14043,0.951199,1.22095,-3.2989
5.48019,0.610331,1.11948,-3.19541
5.70122,0.394761,1.12529,-3.1925
5.22517,0.877931,1.22642,-3.47123
5.55677,0.54482,1.24054,-3.23985
5.5062,0.594214,1.27215,-3.26318
5.55705,0.550444,1.26195,-3.19237
