time,obs1,obs2,obs3,obs4,obs5,obs6,obs7,obs8,obs9,obs10,obs11,obs12,obs13,obs14,obs15,obs16,obs17,obs18,obs19,obs20,obs21,obs22,obs23,obs24,obs25,obs26,obs27,obs28,obs29,obs30,obs31,obs32,obs33,obs34,obs35,obs36,obs37,obs38,obs39,obs40,obs41,obs42,obs43,obs44,obs45,obs46,obs47,obs48,obs49,obs50,obs51,obs52,obs53,obs54,obs55,obs56,obs57,obs58,obs59,obs60,obs61,obs62,obs63,obs64,obs65,obs66,obs67,obs68,obs69,obs70,obs71,obs72,obs73,obs74,obs75,obs76,obs77,obs78,obs79,obs80,obs81,obs82,obs83,obs84,obs85,obs86,obs87,obs88,obs89,obs90,obs91,obs92,obs93,obs94,obs95,obs96,obs97,obs98,obs99,obs100
0,-0.0407117698739019,-1.00020037919157,0.0232774915021347,-0.388541001654105,-0.64084763189692,-0.307637247044497,-0.127187870359281,0.0934539067827965,0.82750645041438,-0.604450701874855,0.603789551265658,-0.0787106394942111,-0.214359207805819,-0.204774104850801,-0.230184816790093,0.583479162989985,0.228891530736341,0.209941094538551,-0.230209629573042,-0.185868499906203,0.377254159499129,0.101327042534198,-0.463510978825326,-0.346772648113795,-0.331105559119271,-0.0236368824499503,-0.383912839553246,0.17981904881909,-0.161444706509573,-0.0559587926950769,0.082857085486853,0.240307185886457,-0.260389473931557,0.750365039817662,0.120446123121544,-0.116408412288303,0.0344027709999874,0.498008018115885,0.250901579196276,-0.137351643717509,0.256206121349533,-0.35178310738162,0.0564646812644815,0.0650937958935469,0.800150767133778,-0.0405954114784188,-0.344597490917347,-0.0810506051652761,0.148055852922396,-0.163632485676501,0.0999122485929615,0.436625224161163,0.340937337879476,-0.104820080207865,0.171669218618775,-0.468249566046961,0.206451888277209,0.0649710265684405,0.171751535887652,0.23366900842035,0.0372486573759862,-0.137161754090235,0.39295510620704,-0.689630090897153,0.623254886873771,0.174401111487749,-0.239022221785724,-0.0952737389204287,0.383889834435337,-0.681762264911473,0.452917943043627,0.0227840010459839,-0.164607074940243,-0.169537939948504,-0.0945213392178248,-0.410581100124745,0.559360963621599,0.36346009927339,-0.371073075938301,-0.0412199589017046,-0.162353071406055,0.302727829960714,-0.0917639580874906,0.452371657275257,-0.0154196488593507,0.176357379660995,-0.232449518754529,0.223759333502573,0.11323588869318,0.0216479418462381,-0.298513806767298,0.0341789031654692,-0.27415066949874,-0.521066346343672,-0.48404493857558,-0.616671184593212,0.0228842341106156,0.23493816578328,0.492974808726859,-0.175545457500673
0.2,0.851812245417176,1.73946541421675,0.546253626541564,0.759982635120017,0.507150697172281,1.36662110731148,0.744854332696045,1.95126968575361,0.477172699250884,0.810142804345546,0.938573729869176,1.0037315900187,0.698443239180457,1.78185122706764,0.465547293636844,1.93525027878531,0.812850197103887,0.754529397041822,0.843885943027306,3.48853239953917,0.376936277543577,2.97384408093159,0.912921556075331,1.18665396801386,0.653447291595211,1.45651872742193,0.74805647249599,0.766523308090623,0.852478663828465,2.58988546691956,1.4113494090289,2.10309676090625,0.841532480546487,1.21978280488574,0.891674987188142,1.26291054329166,1.8477468265341,0.939160529186054,0.588951202214546,0.944159104007145,0.493482645833395,1.30149461561859,1.02825186071437,1.20647335280436,0.793359653131354,1.29235706780307,1.37777049670907,0.198069902362906,0.734403989262858,0.671138354985026,2.17157840103248,0.83133370994052,0.551869768671556,0.679202680122031,0.332073416667071,0.512746551465515,1.6358525567174,1.09005284901152,0.297192664890961,0.892967165226546,0.776193726963184,1.05418640295777,0.830941281648042,0.760589940770121,0.872624618405276,0.821047577664958,0.134130904529934,0.74600730301553,1.23280511756228,0.504801815208211,1.80355934398354,0.209991105573501,0.592757186260183,0.959336457754371,0.42260900638733,0.480861633720403,1.80869435400683,1.30692978231568,1.36160237190804,1.5312053525551,1.08441628254349,-0.492159388394172,1.12800504794247,2.1578986842273,0.522315334051385,0.914879273615974,0.00597753203081475,0.882139242759571,1.86781819720011,-0.207032684688801,1.32564814309978,0.974583477522727,0.0449590429231098,0.401149107129166,2.64547471848636,0.565721141071098,1.59256419440231,0.187131843839084,0.410499864898158,2.47021795412136
0.4,1.00711263398499,3.0264828919615,1.50779523713673,1.88022710415955,2.03767365157771,0.654841547481589,2.39277750253317,2.85008892395633,0.979499772637186,1.5103707985814,2.85698202700696,1.76309769497861,1.76684866686059,3.26986861577337,0.344580693560992,3.01127972391214,1.02980637556039,1.08531533509073,0.792352089141909,6.4214541958364,1.56664349061691,5.52336238817934,2.14879651499976,2.14585621676199,2.68667298922373,2.01681083057857,2.01609394316994,1.00205087699244,2.58496144235588,4.53899727180597,1.89138974297109,0.349303144261584,1.88646544450554,0.976100335746988,1.75426315440498,1.38660154195988,2.97894840383382,1.51811104212492,1.34332580138649,2.40224194833965,1.33337327764268,1.23116741552347,2.0909427043508,2.35868172085987,2.86727294796369,2.91109155978675,2.62618762497249,0.250894324969468,0.673583170806781,1.5976957715956,4.80234088511272,1.95568896275608,1.57654426384907,1.62130082693382,1.63625322203901,1.61502403137537,2.48632851392156,1.3451104746699,0.835123277994807,1.1854495810387,1.24383864304115,2.09108893691504,1.62834899271875,1.19360872875419,2.8981198782391,2.76800307922918,1.74811232150041,1.53344064432087,1.83722856892508,0.294181073841962,3.63499649510023,0.301298063639143,1.10462117795563,1.14663613619872,2.47198452299836,1.62180496561342,2.64983502227973,2.36553577885667,1.36337165530663,3.36341978296312,2.02299245242289,0.64807425306325,0.662889296772376,3.70434755623219,1.95034585817728,0.499139476426141,0.886053057367922,1.28332757943752,3.24692340238987,1.36168689595705,3.32543524485804,2.06193658097576,1.00245612275727,0.958052162346547,4.43724742745058,2.39606394346115,2.67603056446153,1.0001213020206,1.22370783241664,4.92067768402611
0.6,1.42247681812173,3.7832399394795,2.21591892846502,2.75068479040577,3.92078926519843,2.37243320438729,3.99501760804534,3.89768624402674,1.25278566836887,2.08303795686179,4.56229596891384,2.77572770562779,2.71476499092065,3.93514105381818,0.957129983563312,4.10170059293458,1.34105295366623,1.0119142586374,1.35157705442423,7.87503303143026,2.13742293680378,7.10177447600008,3.3648474358824,3.02800245090545,1.78204837723235,1.8778103588654,2.65072442121292,2.32471614856796,3.55066909455922,6.3140266951598,3.1001858661006,1.05945179151815,2.98114331786693,0.81449753411452,2.738430962927,1.66433449767163,4.46971214289336,2.41477343098636,1.48320055215687,2.5146361023283,2.05266783315861,2.31468546746023,3.4195567558347,2.88009580621425,3.8323650244382,2.81186725849729,3.36508004073381,0.578808965453691,1.7819865736357,2.16438149938917,6.5271010581825,2.22607705551636,2.61679137483766,2.61294233778544,3.5317577600705,2.53058424290603,3.07030686352611,2.19167588971474,1.30193991847554,1.87972918676356,2.23529977237426,2.48515319083258,2.33200104415154,1.37389409695093,4.13016436488001,3.91253306154982,1.46668582206903,2.83528470485348,2.8317786160549,1.06203035330154,5.57646207935151,0.0433721404317108,1.65866485252892,1.80312213813255,3.00096535830665,2.44958441833316,3.66841160489728,3.12968634708784,2.22747745065778,4.86451669779396,4.1036609644215,1.33322921065428,2.2873070559142,5.0353436032042,2.64389457327644,1.62402590130664,1.3009389045477,1.88313658473882,4.63767603043605,0.908312331836568,3.7638734636776,2.90303672366081,2.36080943112264,1.19039827759533,5.37515429673647,3.59515834353353,4.15581550110913,1.6722749736566,0.959572169112964,6.89239729954328
0.8,2.44134148701042,4.69261942123053,2.67736134002957,3.42228571019156,4.27230006057766,1.69399485388159,4.78553906313269,4.66906008603757,1.66007031422398,1.90775399995781,5.61873571746407,3.06042201153663,4.4339699264946,4.74375076435855,1.79742574290246,4.53039306937268,1.62245198890035,1.59033184477113,1.8568479759021,9.64826823542361,2.4867480404078,8.67172093434338,3.78874351245281,3.51780446339382,3.06880627432866,2.73269395672455,2.36783136839865,2.17786536437042,4.43467992093665,7.96267167004755,3.57759116585608,2.18238661929821,2.35892375921389,1.35423420675242,3.94152614822566,2.14936430592493,4.92291497506222,3.52204869045325,2.57534519007668,2.94774570917139,2.33120741325848,1.64851208394634,4.04324054422781,3.62058163373629,4.37059995909404,3.70280477612474,4.09066579084145,0.623009470203834,1.48443446807866,2.18808933729322,8.72408333637674,2.84688278055091,4.41605227667151,2.90645786082752,3.6499828681591,3.2716261326997,4.7291880605866,3.33773836646692,1.87956979961524,3.36072732862979,2.28025699222455,2.99939869487212,2.86683654237871,2.29234592109066,5.33810731871618,4.26489120647984,2.33131776192888,3.09679755737638,3.57976272706768,0.996467186757087,6.67083757388624,2.16023495767263,2.41536065656742,2.15970976727112,3.81589738110298,2.86014560855451,4.89711156941287,4.05403710696123,2.07186859567314,5.60746722026369,5.23896549589493,1.581374671486,1.61698657281404,6.06588956380489,3.66731469855302,2.24470833207778,1.83259606390879,3.00092821025899,6.0031282975808,2.15501501949581,5.19825006272989,3.73456756879907,2.03020662659814,1.95668197353257,7.29944945349407,3.96019438267693,5.71438324180995,2.68893335992701,0.985748867906722,7.59249413347966
1,2.65046914978662,5.67626238513145,4.03699126699583,3.47570767607171,4.7506563160715,3.06261210217923,5.89839339872152,5.12809673307908,1.73695210413455,2.65915058315097,7.43200993809095,3.29796212438432,4.98053265563428,5.79470916739259,1.65071898778232,5.28061956855845,2.10784193538458,0.805988895123894,2.04634418831743,10.7876105717514,3.97804860851295,9.04754817069081,5.19773270895651,4.37150424655815,3.88761451581512,3.02453032022627,2.93789424808272,2.67380838026908,5.39681397467066,8.64629623052299,4.79324317659952,1.82462476310049,3.01887615970927,2.36670550599915,4.46896321597617,2.46181548443575,6.34988844091941,3.50566684110591,2.54477394986125,3.48057066594879,3.62459396354706,2.13002664752265,4.50265243570003,4.60913600339115,4.45153614881314,4.90962467663051,4.40086365194259,1.01536377536023,1.93470798924477,3.25922637284706,9.61854242935507,4.16686494338168,4.38250865004134,3.87577793440639,3.85811747983779,3.51721526336571,5.91235642757838,3.72320503679817,1.90907628201306,3.75633794982714,3.23657902620628,3.68560811608177,3.09915006512058,1.95343180521797,5.2087412463694,5.56509264315264,3.34872830310651,3.57628562839988,3.94401649520415,1.57480191225787,7.47679706487161,1.84321329053613,1.65517798965209,2.76930803567133,4.85322720185153,3.23404762419077,5.66114624083878,4.32493353309309,2.88155550641136,6.73116683997115,6.72315164147291,2.76062394010107,2.09098234554234,6.73715476363491,4.66389184422942,1.7282494658201,1.72933482665791,3.40178008038524,6.31416955839253,2.32467319787509,5.59343736066823,4.1366761237834,2.79553162655389,2.15323569143191,8.20357217990433,4.91832855292462,6.25555156772711,2.4757048362921,1.64871597244861,10.1067252602556
1.2,3.93958020340105,6.19276368152569,5.095841847943,3.65536424054473,6.14426987666086,3.75773112190966,6.61010406224442,5.07351016898238,2.35099429124774,3.54668956769755,8.09184082112483,4.2144655257034,6.05496281665555,6.63250006665691,2.57461813122255,6.23078427644034,2.49586178286616,1.38871040812894,2.93721777958611,12.3537943777309,4.6464805028227,9.31527579727498,5.14090689868914,5.21085975565658,4.68222212751386,4.06958180830496,3.64859194249616,3.02101662565034,5.49362577690544,10.2798004769524,5.24993792029622,2.00418685457437,4.05817652360927,2.70590580987126,5.32902693760853,2.68441156665195,7.17232080760934,4.19688989677515,2.88117994896102,3.55354480781067,3.97287794250904,2.8314786309207,5.17829923256738,4.73079949666146,4.93719277313106,5.46922600412617,5.08797955165673,1.09197582615507,2.24075291058763,3.77349826449892,10.345345840631,5.10908343821587,5.01011733094421,4.02347392488793,5.92949465439217,2.87417830695874,6.35958756336997,4.3114669847896,2.38700411137853,4.78794652767751,2.78333716199068,4.27923953078813,3.8172383409437,3.04462724104629,6.11063162305362,5.81380732304083,3.52542522923965,4.56556295414109,4.62490948677218,1.48709003331878,8.53571394296794,1.9415858184707,2.83456828288052,2.54291473545778,5.63125220177931,4.3447744584741,6.21834571555628,5.94380484480385,3.31679173281436,7.41527001810116,7.32506215767961,3.05497839995983,2.80405694673393,6.79033427943535,5.33965517536417,2.4065671858675,1.70478320075487,4.05280754188615,7.31452024497466,2.53150560324543,7.32862092047079,4.96478959315528,3.60808105122814,2.53924673917457,8.98161354179642,5.77615356548662,7.06532014823495,3.26060278647352,1.58514048733478,10.4817200925149
1.4,3.9635064451485,5.67110933382139,5.49760332365367,4.18436438517241,6.30700399754517,4.05573291107654,6.8983361846804,6.60166163185651,2.91029936221523,3.98746017885792,9.13180212632124,3.98101745379048,6.49039643987496,6.96667970950832,2.39786718352166,6.89407084558768,2.57477732307906,2.11006187410932,2.52722317133955,12.5821404424409,4.97244609655942,9.5508558286767,6.39324837775534,5.43549101970587,5.96717607520409,4.13068237301767,3.66075993623639,3.10681533006743,6.05008855895928,11.3868086205343,6.10894009853539,2.82464383797908,4.58975381643197,3.55523396252184,5.82598271365374,2.88451960315997,7.20314509987027,4.15556965455666,4.35391991409988,3.73303039428002,4.7501308723476,2.74280566290449,6.27935543909684,5.09921506511924,4.81351143145582,5.15235253439552,5.36959289101197,1.59130409947053,3.09703917615736,5.21817632686104,11.2726366605405,5.22353537507853,5.35092247680931,4.66835300082808,6.36170778508076,3.96889124853209,6.90579547024348,5.67922603823812,2.27564445772878,5.71703279549807,3.70932792780887,4.76947357070792,4.6714361437309,3.57080855495133,7.25227719313251,7.21309133548783,3.85017526792932,5.90232868167548,4.84183976043523,1.78007894316753,9.3737653635965,1.70108346783936,2.63020566819398,3.00635359055397,5.4296909626343,4.41205362374667,6.32201961158196,5.21037726738945,3.9314945646167,8.09780028709431,9.24874863847595,2.99616708421884,2.97044426284805,6.97613562274584,5.53039802770162,2.81839248265058,2.29508647543062,3.5422687908002,8.1122891703232,3.49035509216138,7.29236847502069,5.29480914059573,4.5106954477464,2.70170355721879,9.52256837730544,6.73961694917759,7.58353043592775,3.42823894479775,1.61359142049216,10.4881077567073
1.6,4.76345438764137,6.53871376522516,6.56062160702472,4.31003858552212,6.98196161553901,4.09218860093887,8.2376472871145,7.00187633596901,3.17710368317373,3.83813497088021,10.0841863599138,3.62885965141695,7.08789185134742,6.91843431875747,2.9606677036166,7.42584207797736,3.01404672478599,2.2055641050934,3.41343011038366,13.3424953941885,4.83522986955052,9.87262033914481,6.72158869569017,6.38775374636448,6.93045288872238,4.19456830223451,3.29812643118949,3.63742725835411,6.63809528399855,12.2024671899288,6.40734459266228,3.78093591018521,4.44979662631375,3.39924136855079,6.21080177510025,3.25841104509834,7.61935731946968,5.46556452769995,4.95416052612597,4.7951818809504,4.98801858816373,3.4766719321991,7.05448545041233,5.75173524983579,5.56323647459435,5.268031427395,5.63889117954268,1.58959407592789,2.62411981874021,5.02551103654201,12.289421240042,5.7098565016307,6.1500541346051,5.39138525964344,6.57655522845202,4.65773147418875,7.61559765991186,5.93621333802087,2.86733511951278,6.56603561053398,4.43170866604368,5.99111086460359,4.88556068199635,3.79532862961275,7.76826664132162,7.13788023537429,4.55952551530199,6.0871650351955,5.54026007881924,1.93282597198329,10.2812531919816,3.09103878221841,2.77527845034418,3.51971801425044,5.529144366416,4.27900757616298,7.08505993006853,5.76991145678844,3.86392127874659,9.07647245905517,9.99310379006114,3.68749418411534,3.1526143998287,7.2355324722622,6.16447239416888,2.82272545799244,2.58070659915618,4.58667500490417,8.79092973197342,4.08621920870089,8.150607466882,5.87206663532113,4.94986366506309,3.24979130272135,10.6201752572831,6.92271076428593,7.79348375119377,3.44390901748855,1.76997070401727,10.7644931549249
1.8,3.89627835622665,8.17786130882091,6.3789630251149,4.81759224339896,6.96728938216939,4.42295650677189,8.50785037844479,7.8328422300109,3.4483255926791,4.21310006180981,10.5546958087778,4.69438447983678,7.51656243275975,7.73332389370699,2.98782744841507,8.42563997197519,3.64957573036185,2.09614505581167,3.75064065258349,13.443403783232,5.38105399321696,9.91001655347471,7.23979043060716,6.74067016049633,6.3636327376802,4.90119923599916,3.82387244144552,3.61142476825467,6.81634380235476,13.1236503213563,7.62625999051839,4.36671983856569,4.93205843283213,3.55609563953508,6.6761707731483,4.01342153536497,8.01470075644217,4.67720760590387,5.53573916183134,4.29002498559159,5.02741668844056,3.9829325922435,7.2716500946222,5.79618109885039,5.71361520702268,5.91791242937395,5.9259343091877,2.31679947057161,2.83755227649961,6.2979035591939,13.0411984059277,5.69047708586153,6.13299929125894,6.14775267830537,6.84013305665364,4.722171971933,8.62717651924333,5.99693063610643,2.52486962525682,7.67509501427577,5.05929514030135,5.88305001076243,5.03906361227124,4.83683622036579,7.07551651440568,7.49056717353475,4.9504472195774,6.78344650701699,5.57191175474881,2.39296354800619,9.68539537680216,2.79244984919668,3.07474167096583,2.96157375692118,7.84986932895811,5.05490790930543,6.97805268583572,6.81764396040575,4.57034021376111,8.93380128655679,10.8892816096569,4.60623545288443,4.31176345407948,7.29775665649945,6.3957184569261,3.43944896901812,2.38869737567491,4.19197722529731,9.33024831506414,4.0929024312521,7.91441682571758,6.56040297806193,5.2148229221413,3.01980646375974,11.5545603432404,8.01722148944833,8.31591802695139,4.25371930217709,2.1850767375568,11.6502911025462
2,4.79147295056499,7.76328802363131,6.4733723650701,5.25544393267281,7.70444205156802,5.37562349512302,9.9159708709548,7.69869133378842,4.38806764254745,4.89124408336195,11.5413185453086,4.67288484664946,8.15924253608921,7.05292713458006,3.08431004839619,8.35498209650657,3.41591482581877,2.29660684632799,3.38351295618326,14.2695914645191,5.76884309226172,9.85101558156646,7.22637834439039,7.11389022580541,7.67174140598835,4.09353938565271,4.16352966668547,3.8649414206842,6.5521710126496,13.5040201670183,8.48936851583441,4.56141256485325,5.91405927637351,3.97178579797746,6.55539610276793,4.13150175008657,8.29733626274489,5.33242708794486,6.53407210966602,4.73358529659447,5.21507190341219,4.16938440757523,8.091198282642,6.11282340707056,6.9438094758247,6.32773682911477,6.76270677330233,3.14368460031248,3.6408456152484,6.06121644393483,14.0783429915789,6.26277309474076,6.71215390782697,6.38244052187175,8.05475555123628,5.28279434470727,8.61680867596687,6.08261626175666,3.33772682528185,8.07647846991637,5.60625866375856,5.73653540081365,5.85546395074487,4.5731183279606,7.56459927643239,8.39789120616631,5.43641911216767,7.39849879564297,5.43244773523747,1.78935820579731,10.8538246888058,3.19308669707871,3.55921695252445,3.54269859576631,7.62650068376997,5.66876911041617,7.03918326130693,6.59833765725507,4.20221394214301,10.0447793192226,11.7872939190044,5.63666678595762,4.21148397084171,7.83417630987161,6.81155660847012,3.16886815918664,3.12808589633332,4.80118426875284,9.50069159364211,4.70586380668373,8.13134829722458,6.64455300968134,5.21291582375014,2.96059625869439,11.4643828368254,8.13808538004036,8.92160615594395,4.24342028870588,2.67458431400838,11.3623779191772
2.2,6.73857655635528,8.07656719988392,7.30413283672426,4.76552120187473,7.48257188306293,5.69021472698584,10.8407422577406,8.50311751287508,4.74280863087945,4.56010892815255,12.3691135233223,5.14893322946999,8.73564455200086,7.93519936398922,2.95642706599329,7.54266244435613,3.53747453287647,3.05292559730663,3.93766682980941,14.1075530303877,5.89053168537861,10.0046963348344,7.61017654272556,6.99971364573279,8.28856500531177,5.23309134429809,5.51500276026522,4.4366293480634,7.05974102672241,14.3665622282872,8.11354158323308,4.67406486265626,6.57366806286535,3.51715371793033,7.47890301410383,4.90356634106895,8.19890953796025,5.27242586405157,6.91174879056932,4.69871493477035,5.92960160909333,3.96116051040573,8.1792188406783,6.21811173760898,6.932015273251,5.98451273073215,7.14731766087581,2.94658611868882,3.46584550052061,6.64131464284365,14.2276987518449,6.47182863401235,6.18671270432812,6.69699312794497,8.10229577217089,6.28929238451529,9.29779799626123,6.59464345864559,3.55609091031596,9.5721150943485,5.35720370642637,6.79513362256107,6.30223740588505,5.16380662540621,7.295789435504,9.2837256035633,5.65983232370939,7.51574386565405,6.14091117496859,2.64771619802677,10.8508194950641,3.42390444190901,3.61117924369538,3.98028958796711,7.70090298391223,6.04731902852379,7.73230225043048,7.23313448907626,4.61586465575735,10.3700671411115,12.6755683566833,5.53312500111559,3.71260717817352,7.91061842301608,7.70930144911202,3.84141096355975,3.40060066744256,4.89764650949139,9.80596384152432,4.88578088227405,8.97768556239851,7.60738460063681,5.31658931026069,3.13656878298383,12.2991261973657,8.86197521103043,8.73706301148571,4.30523182577838,2.75371527085139,12.027853391319
2.4,6.21249835871287,9.1425050905308,7.86769987282834,5.18359911422787,8.62793535524093,5.37903756577323,10.9666416955892,8.16293844294723,5.14020943127399,4.75371477986397,11.8420414534988,4.99313932586279,8.76472263234847,8.75260299136074,3.34152743167908,8.23909025310366,3.91837399363647,2.80954980671869,4.57151205850295,14.7904447807217,6.20370561790581,10.1069196229496,8.55167839984425,7.5017590290498,8.95786273155759,5.17500405548144,4.71577853391792,4.9198955526039,7.83456805237737,14.0271114692429,9.4388998845787,4.44084993616612,6.84329275621587,4.30812663031189,7.79041141702801,4.89325458795298,8.09400257575223,5.83484973747716,7.43230415253459,4.97192433151265,6.34894054219282,3.69765445357238,8.8048388421024,6.78578472815707,8.28324529071796,6.33971855150776,7.75552380935447,3.77403595355565,3.59526789651284,6.60043756143226,15.2709709670336,6.80288440056226,6.72700564836992,7.08573107624291,8.97891676309683,6.44036902801791,9.0651153309116,6.39846020592556,3.45987570725211,11.2317058723438,5.75927797997656,6.86559593339855,6.35194253848102,5.18170109495863,7.43896528695165,9.5064555839494,6.2783794134448,7.07769703829261,4.99545348439263,2.57702811319692,10.659466834717,3.18021384450258,3.90628851576756,4.30417653482304,7.90784117495067,6.08198469479927,7.3200112421687,7.9643600431064,5.06429490359131,10.6088333472624,13.558243869322,5.92103927313264,4.41931412714762,8.22254550222276,8.05838344548894,4.07562937440077,3.2175730485848,5.27598779928999,9.39958868373896,4.73481100433029,9.2110570759616,7.67761512273276,6.18353603621065,4.03146532426076,13.4291960411734,9.02880918706897,9.3749856069677,4.60048318984347,3.05897759355168,12.0937743442368
2.6,6.55174296593603,9.2993530595631,7.75312767302646,6.14445796213748,8.69068529264298,5.5763345613766,11.2955312502424,9.12566047497178,4.78481927093959,5.17890521328574,12.2812615880373,4.94529040517913,8.13730597490242,9.42855777121212,4.61129253740855,9.3182621006711,3.25191968088983,4.01512405669973,5.19554494181036,14.3092768643895,7.03215671283858,10.0947400209754,8.70421405916374,7.98060521840045,8.07063251813906,5.65139420353761,4.62195602465882,4.79830401430424,7.20991812191655,14.8370848419863,9.68752277654289,5.06192471581896,6.08427453287173,3.94927548392387,8.24763647944957,6.0019885811546,8.87048976025861,6.03238284860014,6.96348132047761,6.66457463724517,6.0995802489006,4.59990542716863,9.44455324205614,7.31248195857335,7.9623511858268,6.70933107098832,7.71042846828977,4.63081591881811,4.0943047255501,7.85574413408248,15.0211377019808,7.9411007066027,7.39576859735918,6.82881780614425,8.80165558010425,7.09307873664909,9.18130702806321,6.63982623349434,3.80441727581809,10.4496889451119,6.0110011272174,7.53432020854846,6.16235507789668,5.5880366581417,7.72912192883129,10.0961442566036,6.51566342234779,7.26812241519942,6.25915181354891,2.79181418453394,11.4064005337084,3.60167628516502,4.44440706334315,4.35462235788127,7.88316963098895,6.97086193337989,8.04531529084129,7.46805481232766,5.43799775617055,10.220373494291,13.7585125378317,6.02798148593877,4.20706175761239,7.76450428850998,8.5299175414275,3.78908107196351,4.0815538784959,5.11977226046883,9.67496022380397,4.89896548486422,9.08946030359376,8.13519910731865,6.87580296090359,4.11400361536101,12.1993046483383,9.93421169203492,9.59079201584747,5.0363484856154,2.65708473530962,11.9870076618766
2.8,6.56254347637621,8.97114749921144,8.24748534505508,6.20521949573429,9.13732800513853,6.61148662159017,11.9318075522455,8.91575096331176,4.57290004326445,5.63661593525844,13.0652525577829,5.33082343135772,9.33193619827593,9.58348546773922,5.03580548485012,9.44971039727029,4.12206058184999,3.86646053027404,5.78164124218282,14.9035963469207,6.93353340745262,10.4042755004432,9.1435068498506,8.35220918533082,9.19594122746109,5.92771500506972,5.5663359789846,4.66614636452537,8.04872330434769,14.9404830011637,9.33270451885575,4.84309204727198,6.81222697793048,4.1449963304727,8.4875718064552,5.50776651115816,9.42780846142391,6.40264065236059,7.59835147689631,6.74356360606817,6.84102410227727,5.21589638622997,9.31644670579619,6.80673860232451,7.28789170701745,7.24225255028579,8.28723397133989,4.74086378767443,3.7854537656022,7.57666778548248,15.0266741022674,8.23438466671104,7.52251101779748,7.81883045803027,9.63256644315112,6.80074441628208,9.47164367371957,7.41228017539904,3.49457822060705,11.1015435950835,6.26633774685025,7.4053161952659,6.2397904308508,5.38633927328764,7.15795707868748,10.3472614780564,6.87232642959042,7.68545022031323,6.0709825569891,2.62249747184471,11.4736478436433,4.31349674020206,4.42086632900719,3.93761169989886,7.64115816698523,7.27151017502875,7.83877026593037,8.33277666579928,5.30420644965385,10.5001027653106,14.3804171323511,7.38657438187062,4.87510588243339,8.20356087672568,8.81263436147863,3.80000242755591,4.15570690058618,5.46616545805908,9.70845594428463,5.21283776811325,9.63460541273156,8.18127296695952,6.86620125058472,4.46801023430114,12.6628161877499,9.70096493773777,9.83397062851714,5.18700601993127,3.61166302682067,12.6487135263615
3,6.68784889361952,9.34906426574748,8.42892935617542,6.46405215281686,10.1222112712153,6.59018070676352,12.5431690892295,9.42064802005033,5.55135300554971,5.43908782277633,13.5447021371571,6.36261662677533,9.47086448175132,9.37547097687494,5.07945170926078,8.5221716223264,4.31599461774587,4.20812973787016,5.26983591343285,14.8808430161482,6.93567052911476,10.9181104305572,9.13938099123739,8.15340879401862,10.0701277687608,5.04187501725631,5.65643488463768,5.01406655594602,8.35813679727606,15.2237641727926,10.4378440184727,6.46984314703919,6.89913851266198,5.09416679648115,9.21802276282035,5.97591685260628,9.10274014964894,6.63965332654483,6.9356810778774,6.71529057026152,6.75208720856049,5.23250201039661,10.7435960257647,6.79827524199071,7.31152036185359,7.62994932344169,7.70517823961589,4.75572753980452,4.54080643122137,7.64256625972566,15.134203615519,8.47837865049054,6.86498076004754,7.63470886073153,10.0891655225305,6.59855182470719,10.4187047709486,7.31810444631718,3.47106101141056,10.2405261875115,6.62376935724705,7.13838634005398,7.23333647494777,5.76929763072085,7.16656453800625,11.0122799942769,6.80387627539162,8.3429507166505,6.28549525748663,3.53759637977549,11.8628698401563,3.96229387803027,4.1150866543183,4.27890595707512,8.75609875126633,7.46563221414358,8.31619340841541,8.06622353235731,5.72715833689841,11.2689916860787,14.9470212525868,6.94873547938594,4.79628177234159,7.49910161272186,9.07803678876347,4.13688615011416,5.08471460504504,5.42143959217995,9.84449856777339,6.0737147673097,9.44248717425249,8.03787755218378,6.54632174129615,3.88497547331661,13.1204307467792,9.99723559886486,10.6044397913502,5.53168208060898,4.3245310967497,12.412855673746
3.2,6.21175299199495,9.8391876031518,8.89289580742075,7.03546885990682,9.84764036554826,6.79773331913163,12.5192425098718,10.4946028250726,5.85506560131383,6.41699347344047,13.5517503196435,6.31956837745262,9.5707939316688,8.73477180050745,4.72013296695398,9.30522732346457,4.52243393869237,3.99494393151197,5.48363380659572,14.6345220996119,8.24717093930974,10.2854675123523,9.60026256460152,7.9331731535687,9.54842107535128,5.43820123135535,5.2618440455838,5.09050435765533,8.28921423973665,15.5824161258185,10.4661628376197,7.45053573759082,7.52081674007301,4.91460243380145,9.55236290953183,6.12400428671651,9.05044315758755,6.6367653597354,8.24507969370756,5.66400318052585,6.98788808005721,4.94012035603811,10.5649018883238,7.24378331162321,8.06970964130799,7.41336856526276,8.20529782297795,4.84417002816232,5.18507733044475,8.15825828613184,15.5627359941177,9.08627348873867,7.19835551841284,7.59180298001274,9.63086517837768,6.60354190104945,10.7735383168897,7.74077004160144,3.37042016187631,10.9521786869788,7.13156142967206,7.53849618518498,6.98057002465204,6.17240960149121,7.50956124949453,11.2951833566073,6.79020665910827,9.4812041628105,5.54365278404403,3.09217932518317,11.246939581283,4.75111841183609,4.18763627847654,4.79379140425437,8.11087218729478,7.13662273012859,7.79867291648159,8.44330710626524,6.38062648669152,10.5657251009693,14.7617926507991,6.18754426239497,4.56798015113963,8.27106567550172,9.55850446907449,4.26202303525083,4.4275103695972,6.48680871050238,10.077161849886,5.81367663956519,9.99344356162186,8.8639805749362,6.48990948214283,4.0712042774941,13.8578587995717,10.3494711252274,11.6858852373634,6.35929007193449,3.83876666158134,12.7825599192524
3.4,7.20384351946874,9.18273417971504,9.16324483840419,7.05094766410662,10.4315910128085,7.4496894361988,13.5433645779098,9.76431514240882,5.79172599601786,5.7486421128253,13.9262226259097,6.61223337190812,10.1314796355162,9.56628328311379,5.53927686149767,8.70535792698634,4.8875727627221,3.05368924543671,5.80773597926951,15.6285719970051,8.12375473371867,10.3558135571949,9.88837162699812,9.08649479201834,10.7832631931829,5.65533948555746,5.39063934501651,4.99744357205294,8.82232227640491,16.1434545588123,10.8704626434436,7.52306730324424,7.3184163777248,5.19591188594718,9.64128130303894,6.64519079481933,8.91602859935198,6.60826760974135,8.38935345572852,5.49128276912159,7.22434197827103,5.02656107338258,10.5324522147266,7.4523597059398,7.79608605190156,8.04999547281757,7.97647244704339,4.64462367134697,4.99341074033329,8.50221409870909,15.5974720573424,8.76331342326031,7.68295019770345,8.80965631121561,9.65837252934963,6.892742486652,10.4202122952807,7.43079748521196,3.63682674757225,12.2798773567156,7.46360181887085,7.28843422543299,6.98731246770063,6.28235587194082,8.38806089931954,10.9539209436583,6.73530096266146,9.48033211994476,6.30371829914775,3.31928719606122,11.7505249401304,4.87157468890175,3.92480421486778,4.87046743910426,9.01371126834295,8.36119939973572,7.84644718947145,7.93200978088123,6.02147184881883,12.1148610615646,15.9671525655936,6.79269479822441,4.86860304771403,7.264601097508,9.17700626705938,4.78800358192908,5.08233182287371,5.79955616992554,10.497547842081,6.88993869407821,8.66685834968201,9.29821915657882,7.11085553803232,4.22222236258212,13.5523171125347,10.2012625186369,11.8023359334044,5.77710934007832,4.4246322311985,12.6867256872831
3.6,7.18288045500224,9.45622047081522,9.11125285198858,6.90257150348538,11.3168148117615,7.59060731728416,14.0516629699546,9.5009042760728,6.08017807307851,5.90978370839665,14.1836797728042,6.2075631473973,10.3953378778894,9.60933159076438,5.28606558220155,9.56806477572412,5.15340003723593,3.40458470091771,6.01015396025461,15.3058885224029,8.4555648646845,10.2418000403424,9.97988327985009,9.28980603497369,10.675474835619,5.83943497004368,5.30034197628793,5.18300746604878,9.34399900683308,16.4877106189514,11.3294733708674,6.38825213033708,7.73963616537073,5.45613815230996,9.87461268744363,5.83885340269538,8.98429796345878,6.86475595727206,8.09433751311393,5.46617845692566,6.86399995624126,5.43550706964679,10.9799594961748,7.72395426934776,7.87775055967637,8.33499505643828,8.50999864935936,4.75698610764072,4.90521174552815,8.3186941605246,15.9175412587699,8.66550273085219,7.91087858643933,7.98818405600996,10.0671676415381,7.52980819821324,11.3859327822323,7.98281625697445,4.03432261314975,13.4889960593053,8.081686968898,7.17466489231223,7.11260296684529,6.56224056985231,7.98742176125953,11.7010421326795,6.56267812334049,9.6275101272699,6.84036742766034,4.2176712623547,12.5512081869078,4.50533112107448,4.69387081686557,4.66488742687751,8.40992514080973,8.57495543569832,7.09490827343417,8.12439844329686,6.31298179981629,12.326043025499,16.436892359553,6.77276742834706,5.36745887017024,8.04521284106553,9.37081882229256,5.14251253726411,5.2409477665189,5.99553548162846,10.2598381820726,7.273893772242,9.25601559461897,9.09651191568123,8.23232015598772,4.3293198396277,13.8240163923972,10.2089095188232,11.1275837901061,6.65999902495827,4.75432510219752,12.4968414999675
3.8,7.85575858840267,9.8196546301468,9.54065086477738,8.03527851825017,10.8024705412429,7.77024513579521,14.7656170110378,10.199722039922,6.26235936011877,6.33352848908456,14.8481665069129,6.9999522800488,11.1999337836459,9.60684377997446,5.79347632529273,9.24054706980373,4.56493823554118,4.35552233729181,6.75158599174954,15.3738192607172,7.85025340185561,10.0658823950798,9.76314893374619,9.65469269669832,10.9360959031249,5.78544033042107,5.38735756593297,5.87469302442737,9.17329100145578,16.800689319588,11.8469371464025,6.96571023337381,8.09091986476035,5.64072141627327,10.0694702852104,5.77064346018936,9.75838983403028,7.59589940676627,8.50984681138367,5.69167917464537,7.89667962724508,5.3234562279161,10.9756238278004,6.95700798533189,7.28034260556231,8.89631930319216,9.36925033066456,4.87296956065363,5.23062782307277,9.48457324160566,16.0493776240907,9.16967856002616,8.12385360331648,8.2571661543062,10.6129571561915,8.29509371198726,11.1690608738398,7.74565595378074,3.62198065675495,13.7941783865852,8.06963479645004,7.89379141942048,7.52950457557581,6.28099843332084,8.3774900930288,12.4351040253461,7.75646888400948,9.7793059674487,6.67585644829213,3.36551779290546,11.9153425467609,4.72221195895107,4.57473828565761,5.39773961778804,8.9725399703505,9.16596817412313,7.67582307253262,8.31835000375412,6.34992038711873,12.1336895908854,16.6615989759888,5.60331144534709,5.1658621445618,8.10273986246935,10.4616247733506,4.91005299878488,5.76142405313614,5.49730453943506,10.8683876156161,7.09207036433147,10.1789188127857,8.92445071967783,7.9219322017955,4.34854736148962,14.0233162444761,10.3460957786188,11.1799841850521,7.51277169029519,5.14051114915299,13.1876911409381
4,7.66920485355365,9.37532469308487,10.3483549390694,7.49997244938181,11.6145629315725,8.75280175401448,14.6660013216402,10.1937428823818,6.11751096028799,6.009826345092,14.6008211823861,7.21730580933531,10.9547245889753,9.30512767466541,5.89288050112104,9.81840018073905,5.24529358658186,4.53148350175393,6.81286670516321,15.7340357198238,7.87507945725818,10.4782266706357,9.78459374733562,10.0505890456253,11.2124001098609,5.86427112806843,5.36407829503767,5.49462573284456,8.8304175274767,16.3463794529809,12.5689053324334,6.8560811306581,8.24470470995209,6.32247106247399,10.2645073200249,6.12935188530234,9.39084817304729,7.79099178130413,8.95882130464609,5.6265689373275,7.66418657096051,5.67973574585847,11.038188492029,7.94196897378032,7.87318550542953,8.53129737586548,9.81706716700832,5.2105046023575,4.47753767497402,9.40570819623182,16.1562019625468,9.24736514330356,8.69619696210888,7.88336469933429,10.9274383190494,7.5035587421492,11.4534852433772,8.62391556437719,4.08539299572013,13.1987584286528,9.02191395979743,7.72249911645258,7.84527932260555,7.05832766399006,8.81598485098308,12.9861714841006,7.70022842120634,9.42984578098582,6.90926713931357,3.89412044985142,12.037765490588,4.86306148385299,5.05737614742029,5.20699103818151,9.39766052701831,8.82980480721226,8.22657286338175,8.50471877535148,6.38798930985314,12.5985678600874,17.0378052045503,6.82062552756986,4.67761540408224,8.06457572240067,10.9803981117705,3.19156736870302,5.95566457761167,6.32603728542691,10.748622361695,8.17319381389472,10.1748874151522,10.1000945009646,8.00633043600814,3.87474998536863,13.7587485950802,11.3733790736377,11.8156257904242,6.70987899865229,5.05950614193269,12.4199609242079
4.2,8.20007422366579,10.041289862182,9.78213137370505,8.63641119376498,12.3036066783082,8.15493445901437,15.1062562797666,10.6969155493801,6.82028180676306,7.13945862822035,16.1205522717156,6.45929983688326,10.3392401976498,10.5940654268337,5.68969889372434,9.13740046121233,4.61844430039826,5.14506484616652,6.75907740320097,15.6964812456272,8.19987604363405,10.2410081643282,9.80820301494333,9.98203548564763,11.4626726068657,6.24943212041234,4.85804126022578,5.72655877127864,9.89674202318413,16.555727943598,12.1128709264862,7.52112085124233,8.03809319211485,5.82264206137616,10.266456295149,5.99809609516338,9.05827921815662,7.55036162359496,8.13212206550847,5.58873191259531,7.97959120538599,5.57070964203083,11.2508183216591,8.89889948501445,7.76322542807923,8.84106731713542,10.2072211203084,5.19720015718526,5.14231314057908,9.00174954628528,16.1809121427559,9.39272064689631,8.8220427017295,8.17103387846037,11.0197287943313,8.11734602249999,11.6512033019723,9.17504999704632,4.22626382549814,13.6967906256631,8.6980048573491,8.20459445251238,8.03929502231444,6.61283098769585,9.75233617941322,12.7664153079207,8.13935502479228,9.73655744932063,7.61641289619579,4.09433368505716,12.0458505145811,4.30144056467818,4.88542351134008,4.61973723047543,9.09411314808988,9.56235020908095,8.29561945707483,8.44766526539408,7.06180497591785,12.3015943625129,17.8664648844772,7.49204748127709,5.25537085551144,7.56053494509842,10.5612678659626,4.30200392460145,5.65056567464496,6.06629224046945,11.1307739246594,7.99118629098675,10.0987745572723,9.52382185987636,8.22406209541518,3.69139269738492,12.9899188378623,10.7493078939923,11.0137909798024,6.93392075702914,5.66045982958095,12.6079138890984
4.4,8.34670214278515,9.34309760212237,10.1627986962934,8.83758936716368,12.3822276981809,8.078767193989,15.5008998067445,10.6689470891938,6.61822299562692,6.84810532545356,16.0772740298717,6.78137058140141,10.9543594672786,10.7659985299631,5.89927407950406,8.63708036193983,4.41243799033007,4.02966493151248,7.9340463080271,15.2909869030601,7.92084741473827,10.5586109214203,10.2972664929378,10.5440289722628,11.7536886692834,5.72825168305875,5.10030703987527,6.26333791885124,9.301220592464,16.5550310311333,12.5801404589873,6.67572269613077,8.30920241613747,5.92591222912987,10.9052745764532,6.2381464023621,9.41859748702661,7.60012543398155,8.63836855042227,6.42114123521903,8.04222636172448,5.47937309700163,11.8136566653562,8.5784028112415,8.34009116791422,8.53574460493037,9.63553278708594,5.00636550442276,5.80922288783007,9.027397890641,16.618895233076,9.06653537238697,9.00876423471271,8.71296789393375,11.23638409272,8.01830278615352,11.297005420784,8.54438330885525,4.20617640291791,13.9554940745944,8.97851929439441,7.88509301348978,8.20672127083006,6.95268473233112,9.65695087442489,12.9728884251916,8.02516442545463,10.0803001611345,7.60700826378064,3.36540879086832,12.4344674512114,4.05914472206972,4.94132979417385,5.12168462411762,8.88557344967979,9.39887368669551,7.64330095136286,8.49744510676912,6.84189892774515,11.5981965519534,18.2999168783496,8.42897763472077,4.7790068108703,7.95909326774949,10.7539409902242,4.37585335976792,4.62250468564403,6.28814963833842,11.6566367982568,6.9596485697175,9.46211962521521,10.4128163322735,8.21950507058557,4.53801260526467,13.7761832799263,10.3049154297692,11.5000993124147,7.29751211131338,5.74641297703757,13.0645298164356
4.6,8.55787533861245,9.88283758622505,11.0642130247208,8.50969996918588,11.8589059203625,8.33474899754624,15.6694654648591,9.94653150069317,6.53149621911141,6.25886125358097,16.4340903263978,7.65625166741968,11.4273475587394,10.5049336352555,6.07749886392854,7.96198444906178,4.68040995644113,5.18555820150915,8.18560175619282,15.5882742014295,7.45004454534258,10.7357952237983,10.4791725670474,9.72553222392397,12.4197352581,5.7985305101513,5.00357295163769,5.55172323638451,9.67770616615596,16.8130058850742,12.9684918420813,5.61092314129544,8.63229836353395,6.28108121590463,11.1660950144253,6.72416413391513,8.94665694835947,7.34057259220031,8.67585319390988,7.08066765477954,8.75163151470391,5.63149634785089,12.0273285502708,8.62821487575732,7.97735419606402,9.05036961456017,9.99470826143911,5.85483055550667,5.85445436931593,9.46793764962206,16.1585098238099,9.25292480461672,8.28998017797679,8.64587463054835,11.3191948149451,7.0816061279413,11.0786117917544,9.26161989053257,4.67034192825648,14.822341710059,8.89831087462923,8.74627837001871,8.0822278173547,7.58020333734061,9.91087877540712,13.3544589621146,8.70761867562843,10.3233486761125,7.1566693269191,3.37191305476158,12.0956826209224,3.59802582828261,4.95736140762475,5.52593217106458,9.45129475228339,10.2677505341281,9.22121150855667,8.71728969707859,7.23738283866701,11.7537106305438,17.9973444933595,7.94736802137775,4.99484004111927,7.68865222329135,10.825336509789,5.39276496515303,5.44451927856287,6.71136855454545,11.2569864850768,7.29140450161027,9.72276062183053,10.5477722072709,8.27880228710216,4.7153413589728,13.3208010040339,11.3794946363428,10.7653111552607,7.1820310603657,5.58644378653485,12.7569928141169
4.8,8.25743803868876,10.742310879494,10.6974077557687,8.83637203855472,11.5919810473089,7.65749745595909,16.2259568897592,10.6632638683426,6.74072700173457,5.86453999623048,16.6345428222254,7.50905899212762,11.1072473205489,10.580722742067,6.42807453614887,7.71000864518241,5.25635761226982,4.89880140567321,7.90522246855221,14.9231505133559,8.27003040107312,10.3626065375025,11.1790482083934,10.0709679297887,12.810050065547,6.37025537685296,5.64912006415923,6.01044224435123,8.82998357774997,16.3560023128598,13.0028407998565,6.9336105214454,9.06066812825146,6.07261024800242,11.6177768144099,6.85473690747256,8.92154568594922,7.20252065936201,10.1091536467173,7.28854275429613,9.20429516670896,5.79715499706172,12.5180645162751,8.38388898332244,7.76648285580869,8.97827318216374,9.94613716923607,6.09721766580539,5.55674203415482,9.49854869478967,16.8567181493634,9.86182952992864,8.57587504497195,7.90895812711485,11.1212768339225,8.75113594701575,11.7633234956084,8.84411522988001,4.19461678897326,14.4107872974258,9.38783782374946,8.60837656588852,7.63961974434275,7.40338629647387,10.5469643727695,14.0947011030355,9.24254862228766,10.2420725565504,7.32124183700519,3.7416333714049,11.9413257020963,4.16504017921676,5.43364588043973,5.01836701984328,9.11385054877252,10.0480970901659,8.24811910619985,8.91090145251382,7.02095804354039,11.695197580161,18.8748915221295,8.41013225721956,4.81229829415345,7.72040079065268,10.8643089951359,5.52611797985073,5.710187334698,6.24337205862004,11.2963678136976,7.03766016549683,10.9137685260789,9.95612175188912,8.65951399510661,4.75045155490189,13.7077709196389,11.3764365770624,11.6346696348541,7.51964032690843,6.71157051860476,13.1912280820195
5,8.08307712389831,10.501418570262,11.0069509836395,9.28080957838685,11.9288896987617,7.81590946579161,16.4236902890656,10.5395144498762,6.38045558619864,6.43780257902963,16.4331413830459,7.13573280260206,11.0206983500193,10.2621200705227,7.01396159038983,7.73669348413138,4.76960961441227,5.57043198911321,8.14748777875934,14.4363762472806,8.54917533529582,10.0067099707839,10.7372749284371,10.4049809917773,13.2675085215919,6.46478602064333,5.37386523678098,5.6152912323607,9.38086294180113,16.790164726793,12.7619530809578,6.52760825971566,8.99433790796084,5.79641499249331,11.700941226614,6.81925635436998,9.59283826216415,8.09206946634667,9.62877501670578,7.83725570745266,9.43266301521196,5.61929899264489,12.2077995382025,8.8113788909447,7.87816662710241,9.02013244893458,11.0695157229014,5.43305134473953,5.7088605759514,10.0058508674439,17.0899815300377,9.58110221382426,8.80601640462918,7.63993532117333,11.4894811745016,8.91023964515696,11.3810792475949,8.77183073582754,4.7757685405668,14.3508126722386,9.02483158116432,8.55715519995784,8.58433020542279,7.44141029855282,10.4150205713243,14.2173844599456,9.08033685862379,10.4801276156187,7.3871762492877,3.64653763090665,11.9689844422826,4.28679807675311,5.12503945504545,5.30545403002064,9.77339235158415,10.3639343376184,8.10181053602581,8.36037373580695,7.22469706468841,11.4414829211537,18.6583392027617,8.75078714258432,5.23716483157891,7.3374947952966,11.6795797447742,6.33306236101967,5.14251847592694,6.69186407391149,11.3151042057753,7.99614469231925,10.0373752077049,10.8242399127598,8.6081329954117,5.40471487965233,13.7924692945557,11.4945433457615,10.5750984945934,7.14685848451108,6.06090759866053,12.9427879972555
5.2,9.33562334304519,10.5580616781926,11.4639698136144,9.35843060805901,11.8622614121409,8.21255662620228,16.5657778963928,10.5056218489283,6.95864600457962,6.04842965533806,16.3598242209466,7.42270467249812,11.0195892886704,11.2379094624748,6.71051408673981,8.27254844856818,5.02908248213908,5.8146361259396,8.68313591568764,15.2913729545127,8.83669265218425,10.2825971585693,10.8514805765913,10.1855134343105,12.8828714274353,5.59092016235095,6.09466308260816,6.15664474348363,10.1695645148456,16.3990449549449,12.9881200131476,6.75646722626958,9.63362887081693,6.50476947730421,12.2045789879973,7.09644115450827,9.58036839823263,7.81301184437162,10.2359701702712,7.23878729628442,9.05325209984092,5.19296530348022,12.9988364804039,8.9045190054462,8.44952452834459,9.28686734262568,11.3046942225546,6.53545066554085,4.9378937115088,9.67071975813297,16.7922261855975,9.39216211095054,9.17082746593421,8.5161168082839,11.4977665257429,8.34371536671606,11.3883983142332,9.76925204865327,4.90812385041459,14.5483969987146,8.89733854660927,9.05769699401981,8.93862353743919,7.31459103411771,10.8671956382182,13.8939731933813,9.51780707616624,11.0760047868854,7.4692571968394,3.10584190033893,12.5641850375318,4.85689952211586,5.34447747333207,5.40277651614015,9.72761290951888,9.9764564912702,8.82385120545976,8.22049467722839,7.7751731871268,11.767766061089,19.5934209766363,8.82660001086031,5.07679477675035,8.45078871080593,11.6695828511319,5.44734512067088,5.65945384896975,6.46810727099741,11.6763521237068,7.6150464421015,10.2194960462826,10.7440793291433,9.28856120589297,5.27253868463235,14.4298868487367,10.8253295632809,11.2751743931123,7.80402128776536,5.36743266234602,12.9153946362519
5.4,9.50708428908426,10.3342569482057,11.2832555566888,9.691545773855,11.9439747338053,8.46756671694551,16.5745468806913,9.88957446574497,7.11343995638564,6.36276870540177,16.2232766852993,7.15611897969368,11.1867533724609,10.3332615652127,7.06860127433354,8.37462715187061,4.94628293977973,4.22482894791562,8.73376025101669,15.52012670631,8.90142995389384,10.587904545837,10.346267239894,11.0376638642965,13.1149983582071,6.02284060842875,5.36617673963034,5.88763718612779,10.0371521583375,17.1614766701145,12.8266816600721,6.82303784848954,9.01317360651702,6.82447133500737,11.6501367299216,7.74834173702684,10.1005005652161,8.11869230673163,10.1206598985323,7.98307463796635,9.20125389170311,5.93855355503183,11.9186444558709,8.60923333128899,7.62992847708543,9.4312723700801,11.4589526509469,5.86955408927118,5.15956258637948,9.4150584380034,16.7693047952483,10.0914882026445,9.45517234648151,9.0585168613279,11.4068780632305,8.9792005859057,11.8042774835026,10.1250623350721,5.11912340698887,15.7045415359636,9.45268348292535,9.32068231798865,8.24227111301314,7.21996935219616,10.0772888474216,14.2728878263291,9.14491732972886,10.9152588183457,7.09416858688739,3.09034874646243,12.2056727704423,4.84256069091685,5.14417024071058,5.54035022750313,9.54458558018949,10.3023746743164,7.64799026865834,8.503353898785,7.17853943409243,11.9688811862894,19.8020583053967,10.8345108403765,5.52510092878126,7.06433724287143,12.0704865324107,7.19950238448879,6.05191064049349,6.43594561896456,11.3288478133885,8.52865858370592,10.9833148485372,11.1646107915927,9.48808319180372,5.21361241660948,14.1203564860166,11.1906627975117,10.714396508059,8.17322796235013,6.6226756665652,12.6135210786187
5.6,9.20955648601269,10.0826694203147,11.3629780085909,9.28762299495449,12.188529554031,8.83306343364193,17.0051705256897,9.35142209414137,7.18477022912209,6.79380441452,16.1100713451523,7.44083572014973,10.8219599743257,9.74170761442027,6.69034907551267,8.51791798642236,5.20208122362985,5.40118808247592,7.91145714721573,15.6351003433556,8.7935601033745,10.1434462027145,10.465167488239,10.5934271889535,13.6184217811568,5.74700609670933,5.05975496078064,6.34899681304907,9.21101856422949,16.9111411146386,13.1399090120092,7.03091362175812,9.59312759760624,6.78578615513913,12.134730611006,6.98680809514384,10.4514063233744,7.40807363338891,9.79562981700002,7.43294698572647,9.6768125580914,5.9837610122123,12.3579399167803,8.61869178216921,7.42185416057982,9.85962141220876,11.1571430794311,6.79334746263968,5.60591095679749,9.9542655080476,16.6956752134895,9.95939215621634,9.03252280675278,8.54534393200118,12.1079922439527,8.41608846122593,11.644543900499,9.48434872889955,4.93386587796763,15.9979771092287,10.0258814508953,9.58204878247792,8.42241342909309,7.52677803713815,9.97874334442172,14.6937762851579,9.45198693581063,10.9644873799356,7.19956522055302,3.31710199502514,11.985071349248,4.51823629478581,5.99716538391963,5.42821226962017,9.60826971922916,10.6852432286763,8.27734517316567,8.75600800509037,7.32172520699857,11.6977978868003,19.6161536242535,11.0320952037197,5.41790034487245,7.57439680000971,12.0882557515266,6.28138839705438,5.35605659358955,6.18248712935085,11.5959048084667,7.5286237542799,10.4875310284386,10.9910897687991,8.70309397976355,6.06103515165839,14.5915412593427,11.856356865982,10.9877559011404,7.8821303274439,6.43162236189807,13.2334384624443
5.8,9.8116292587572,10.1239251687638,11.238831596116,9.68044452777811,12.0166729981655,8.39090614593769,16.3858638087136,10.2325622255849,6.76805935744248,7.26791576099342,16.4580790152173,7.42093975668764,11.3461166837771,10.106353260541,7.42815192150714,9.27672923615528,5.13175762006864,5.23301588466252,8.98090781605893,15.5430058896377,8.59094462576634,10.6493773387321,11.037057220392,11.862610019987,13.4631078360243,6.51733199800837,4.55003174328243,6.16173971900878,9.35882461259359,16.2476242795703,13.5855831479548,5.16612014199632,9.24045777472354,7.28498679625877,12.0161023828849,6.78330300879414,10.0014093277336,7.53741820954552,10.7048649361749,7.95930300541104,9.78742101997696,5.36503698813499,11.9796640956651,8.45313762887163,8.00183190966193,9.33283679843255,10.8336956037647,6.56350591238041,5.01821699320573,10.6067377101393,16.7834241570913,9.8593050520357,9.18194829427099,8.0675869649174,11.9255596615713,8.80181233904018,11.7343722621204,9.44072451178855,4.70465090463927,17.4147776653465,9.83035368837422,10.2407759661945,8.33742987136551,8.11771026422167,10.6506497004842,14.275529371427,9.27831326362849,11.9240779776279,7.17811253274269,3.51354906769669,11.5170372207578,4.37479452000013,4.94221553039621,5.65051611060079,9.37816019503288,10.6147587230682,8.02708220684974,8.22374064485322,7.29206136306452,12.6658959327367,19.8604190244938,10.4938021812782,5.46285944067426,8.14789679753802,13.0512625937888,6.68165044094609,6.18314447320352,6.43199559432989,12.0034939298788,7.81759688826208,11.0084605639744,11.1274961629429,9.54178299056511,5.9459699034653,14.8445833392382,11.5703110183285,11.2758105501057,7.61607607647062,6.07999917144759,12.6798009033575
6,9.75215379699249,10.6093675782576,11.4456131753591,10.0788206950298,11.1969523387424,8.61071467981441,16.7225138046554,10.5499854869473,7.09025867865931,7.40644693206804,16.7986393806126,7.0367850212936,10.6430930564999,10.2884388866291,8.12894192203983,9.05976230160766,5.42234644726491,5.40741692100461,8.84115277108298,15.5960002317203,9.22374152483802,9.79359371618996,11.0801940896862,10.9229251176861,13.7667087631712,6.15952924354763,4.86607509634371,5.79534608383029,9.76698578332186,17.0064044863822,13.0074429996493,4.36468468268233,10.1565241519692,7.49735445579508,11.8769215899869,7.39830377338989,9.72621392606628,7.83672481191266,10.4740189789092,8.32291630456747,10.0549935386579,6.10193588271195,12.7540567445771,7.8994104054044,7.87988449796245,9.1746239090374,11.4139371055267,6.78290978667319,5.46079432485704,10.2130352618574,16.8656169734113,10.5365585288837,9.1243445284075,9.33309596417868,12.1632051458516,8.83610867112448,11.6925823184896,10.6238602277418,4.74086127041375,16.54865277664,10.3030861189108,10.2583836671113,8.83348232334896,8.03363591100584,10.6828401326707,15.0738152036012,9.03354735641395,11.8350839233555,7.62776972630934,2.83515832430996,11.2243473582458,5.19523188500968,5.44686538899988,5.64041269193643,9.85090877916816,10.9131155629668,8.01020883299304,8.43139044684545,8.16611763468208,12.5757064651379,20.5184446421847,10.2372779570906,5.51876637163189,7.69246903255237,12.4330992382666,7.25802786981742,5.87861667736211,6.7787141415267,11.6308753724403,7.8059408760718,11.075342965782,10.6469159651397,10.1507777258884,5.01138682491649,14.452123926848,11.0628675588092,10.5521044565309,7.93421172633169,6.88893220560897,12.8310465188967
6.2,9.67369505619434,10.3489765374407,11.8375448260381,10.0588077837863,11.9273421225834,8.85898689416364,17.5889523564547,10.7004016782028,6.59444231629322,6.42965573789043,16.8076095024033,7.26538390536532,10.539725449327,9.6880301776767,8.07197697883414,8.54162118907035,5.5277483676623,4.08662013054887,8.62168589794277,14.9121467344027,8.25097140724637,10.7252778840092,10.0815784719254,10.8530235960232,14.162291046545,6.61383262561831,5.70258192714752,6.02591643238601,9.87261728009872,16.8915446104893,13.5168318336905,4.85626334716284,9.68043206679184,7.84702711919425,12.4647760226008,7.59348018459209,10.3270046063275,7.7335165439797,10.4977075662031,7.91370666156515,9.65933883503035,5.81606951709015,12.1069172205914,8.90067732484532,8.20248597083913,9.57553453107208,10.5906608266562,6.79319321589936,5.87171269462766,10.2938256732275,16.444603853155,9.83619271330152,9.21052515018587,8.55722386276093,12.0836433819508,8.94745860339997,12.1353607401286,9.04214759032697,5.50139177175322,16.2037276563931,9.88085337385934,10.1920850590918,8.73667301881093,7.46459826066738,9.63157558474198,15.2405465134222,10.0350433962587,11.685390641969,6.7757081972315,2.93143468270351,12.3914680498593,5.68608012532085,6.1370953463931,5.90710162776286,9.25515926813898,10.7096241135808,8.19926333849788,8.93426541415531,7.42646054789779,12.9231826212168,20.3951871078617,9.2613927166948,5.74648836710118,8.19255534885905,11.9787638990085,7.29581739211111,5.84191555668192,6.49249485903251,11.9832769576544,8.00515116316178,10.2700793467252,11.8198158772411,9.46703862171717,6.2727740727876,14.7685477511272,11.6960720420603,10.3908534543953,7.95193875540464,7.88168014032634,12.8162266766717
6.4,9.70621184446369,10.1726409319295,11.2863458429951,10.0419974386364,12.0827492707843,9.29884177764317,16.8406870306359,9.94769059719732,6.6261521234618,7.25963653638069,16.5079958567475,7.20480008405836,10.1891514697668,9.05763796205465,8.74889947978961,8.42770090841381,5.31814914193113,4.50552154731831,9.15644745227977,15.2999417777466,9.57451400455811,10.9331587942359,10.2266431815536,10.9157320448382,13.9491589072335,6.04144269224385,5.6184051359338,6.11823392547493,9.91314570726025,16.5904903261795,13.1539056981976,5.34477061970899,9.55175201532686,8.29233300340979,12.0187373331615,7.66884194449534,9.80396026091197,7.63427087210058,10.5188725574734,7.75836324430807,9.69916558855008,5.84073545106283,13.0425385415633,8.68609666360578,9.01023192569797,10.0016011372438,10.9789471264729,7.2082570181233,5.71583890067771,10.7875145730068,16.7147928757187,10.5610120134142,9.66126570079672,8.93965698241228,12.3096002440646,9.11151553459295,12.4635081580507,9.35284130707524,4.63838320058177,15.3575728669132,9.98702638269354,11.2815147258724,7.86032106425587,7.38336033333351,10.0127591288489,14.1844819093396,9.83470494491397,12.1816391494931,7.38952287052518,3.09737087485978,12.2583554851344,4.5698707343426,5.78260756207999,5.62814367191767,9.66566003640505,10.645239985893,8.02355991299387,9.05576792239833,7.41773177376298,13.4557818236202,21.4577201851558,9.97647014747384,5.66936077725465,7.49715003823239,12.0793385865472,7.42720307074784,6.22665197573662,6.88425853499285,11.5074832377167,7.39748032598479,11.1329230551493,11.6170639563564,10.0790447125003,6.54278318844971,14.8532937899182,12.0355959149173,10.0695417616979,8.0617883143246,7.99914565934996,13.5220454167009
6.6,9.90937175604924,10.1912896337962,11.8801211643489,10.5762182338017,12.3178946201377,8.65386104230523,17.5628590930031,10.7712858123156,6.720590340163,7.60782884974401,16.8761855488239,7.9708231538401,10.5787834898405,9.14399951544738,8.77287946463442,8.43150040785566,4.78617937487097,4.95857791489813,9.57586351855534,15.4698146736484,9.50247936714408,10.4394052025018,10.9470811900112,10.9516402538184,14.2243335531884,6.03100741457158,5.43582912651479,6.36024219941094,9.6307734449094,16.7876781036968,13.5244144091655,6.69937278002411,9.41048511945556,7.4349151888744,12.6234898897512,7.62318449405628,10.1041846144548,7.88242064821026,10.2518324575463,7.51479288635291,10.2818750212807,5.8476862818799,12.5946905327136,8.30203425834013,8.73422640372885,9.67465691576688,10.9635693772874,7.40291422731108,5.58410066189617,10.7445547531513,16.0192685921824,10.3953019528058,10.0318653355948,8.69189966439401,11.8709795196448,8.39333593236638,12.6709109623381,8.61495762530568,5.55711349093992,15.6083142397875,9.6225765001142,11.1203259662543,8.52996395906227,7.8179884827093,9.2437565151064,14.8574358556157,9.63241257946598,11.8517851813222,6.98396152740631,3.02402921694509,11.6864036629042,5.1170340772421,6.57323069406601,5.28163409673461,9.65613434794371,10.6332134993804,7.66058430657363,8.62003459389604,7.98881700720935,12.5437699784833,20.7232325188728,9.58855671189972,5.57928023346917,7.77138167563314,11.5799900173188,7.24800275563171,6.73163420133424,6.45868983437016,11.4137122716755,8.31616293119665,11.2603049489119,10.7959069794498,10.5860600052177,7.32709534133111,15.7113523495586,12.0954856864554,10.3771778907279,7.73381397864237,8.60734481689827,13.0407338145619
6.8,9.74713044964602,10.5062841730852,11.6250788262045,10.2614830893985,11.9789187407188,8.90739678809438,17.2967223937838,10.5726650344259,7.04223273384431,7.07478980733846,16.018688115072,7.41083398510405,10.8904869118543,9.05371090281261,8.21035540414091,9.0670141032988,5.53143561495418,5.80229953353945,9.20537729542832,15.430660924348,9.63239774795665,10.195914309736,10.6876923054677,10.4647180206195,14.1876031442904,6.52934058299366,5.46646319477055,6.57632562321486,9.91573454905901,16.9575917787919,13.6036227805984,5.92957185392064,10.3512053824667,7.73088151314308,12.1301437003668,7.30663219658026,9.56226665916577,8.00846100821172,10.1868247841374,7.85105482084893,10.705033589149,5.97535309094914,12.0557561571495,8.30010431205886,8.9974322157786,9.59983776136534,10.6829486722406,8.09824836167798,5.39647054644537,10.7592455177123,16.6961649061348,10.0921033207589,9.98128089225369,8.15400795290083,12.7783756749443,8.88892747390856,12.7198442675674,8.86630299764051,5.02585491928136,15.3745840312867,10.5692239554014,11.231955997068,8.55212943691211,7.8036933902732,9.75236091339292,14.2559260034714,9.5964045715552,12.1609552079877,7.54261525576481,3.36790402115372,12.2511787090335,5.79451043188646,5.71330930912156,5.81382970178663,9.57480117255919,11.1242812048289,7.36890257492946,8.84526768893201,7.9580555499607,12.2280191107962,21.033611352695,9.04188210159745,5.75248732624452,8.05391933352033,12.0532260635718,7.62034686475121,6.42299874450363,6.45333615911772,11.2020027383333,8.43043233695509,12.1554811299393,11.6359879021801,10.2502813846639,6.36798708649816,15.2643467109598,11.3430604885579,10.4446607263974,7.77899867527452,7.76744086698192,12.5456826598784
7,10.5095236882458,10.4540497450944,11.9137508627169,10.8280207758701,12.1976082642195,9.2276101774294,17.376954544811,11.1781426618792,6.8968989175068,7.21198898903197,17.0016054529469,8.22282009403147,10.9639073827523,9.04659962444713,8.09491853320907,8.46919116704766,5.15946567895705,6.93859065193408,9.26398547118301,15.3790435463332,9.87309539570384,10.3041027041297,10.3368708934072,10.7935921947073,14.2744846692944,6.47956978390437,4.60246595324949,5.795603845987,9.01468646314238,16.5479561975688,13.6583790281275,4.88368498902236,10.29691484919,7.62712847506387,12.6421497562227,7.76279389542943,9.522855945524,7.68994779213284,10.2461704607898,8.13772185472412,10.4384360197349,6.47013492760193,12.1997811982652,8.92190923545537,8.50608328719872,9.82456349470813,11.2589554944257,7.10820791036573,5.35771362288132,11.1316999169587,16.3564450378051,10.542460941107,9.20134948370716,8.34440652941985,12.7223864810254,9.10924242553783,12.4168518540068,9.04558746716369,5.22053327196742,15.4312262723743,10.4133721044344,11.9165266253679,8.52929097962872,7.79141411129407,9.24139817953133,14.412639682136,10.1908937170132,12.6484999742022,6.85094662087594,3.24746750951404,12.4683321259551,5.3924820532164,5.65121255763916,5.36596478301867,10.0495120885585,11.2786596052998,7.67293640421028,8.66614028336496,8.05704856397126,12.6549996721979,20.6689085600269,9.74606551259043,6.52981683453978,7.81109963822724,11.605790771563,6.72613806386124,6.31787809623272,6.64358162257974,11.6544033754614,8.71044935821421,11.0356311758815,11.2625639700806,10.6955337999519,7.21039026812047,14.8890069016987,11.7965145386027,11.1762233661238,8.1693085080371,8.1729294785372,13.0748396554839
7.2,10.0366330172769,10.1556963897664,12.0677151496862,10.3773077057052,12.4036773677585,9.38628530665093,18.3533037391849,11.292155460536,7.37035509962432,6.9613789640986,16.5067488596064,7.52991826668591,10.8229961407591,9.00809525718201,8.60751414867288,9.06478561783917,4.6172327298516,7.34755389021666,9.25493808837038,15.2515367972029,9.59839017044701,10.7051139314987,9.71983741902768,11.5639361801371,14.7438865598309,6.38261669925875,4.80087019426473,6.56861383127952,9.62173726771726,17.1752053257238,13.9249790381519,6.22652812061915,10.3447726683809,7.83184242190118,11.769480347525,7.7032390304868,9.52258455571093,8.20923218615063,10.2865441392162,8.47082542039201,9.99900085166051,6.63452142054719,12.4859902664333,8.44075176353113,8.80940197012109,9.68902630032778,10.8500024709323,7.40521994666535,5.81726373075595,11.3254205876486,15.9243936889004,10.7543481662912,9.86771074136234,8.28371082458363,12.7776331336249,9.29045940160149,11.8052036970611,10.0407343853418,4.79834614891445,15.6562686942335,9.86454199901636,10.6590031550168,8.43092373991785,7.69025700546939,9.68225914024718,14.8979424183823,9.54448932547382,12.2320165632628,7.3245533960455,3.09832669415316,11.9988153258245,5.88810784894726,6.59630293858646,6.03737165979986,9.94081862843115,11.2874127175232,8.58717022991435,9.41372322320757,8.33926303387561,12.4986223722266,20.6049954814041,9.10585308535172,6.35711533268288,7.93856399358398,11.9765903060737,6.74579239693908,6.6550871921177,6.65442816569505,11.4338301849198,8.68814752275524,12.084646925111,11.660878627335,10.4961537293221,7.14213801902928,14.7245598479425,11.7936146965877,11.370321538444,7.80486569200276,8.22475265580949,12.7036809348624
7.4,9.94572737593647,10.5378704847295,12.0765904438466,10.6069065252292,11.7178572973923,9.16535940302519,18.090721293494,10.8148806629904,7.03527583781565,6.39210358508506,16.9153149719243,7.92768597125998,11.2568617095498,8.73146182983772,8.47582380780197,9.45307840414719,5.03196291487017,6.36874289963174,9.82124604677956,16.0081942894749,10.4954107037774,10.4756879847377,9.96752708088601,11.1449039196452,15.6578629982711,6.54088368566059,4.38671673736101,6.61293816551714,9.57639857374556,17.2049016503309,14.2589543402159,6.58796301622309,10.383212632174,8.21525094759099,12.0971948812095,7.12947097132997,9.54781798163806,7.87240342620442,10.379558918517,8.92409332318788,10.2260005571815,5.71148270700844,12.7279971291903,8.66554774064386,8.98888951248968,10.3988289226054,10.8047860821017,7.3192353603947,5.71966707407297,11.5101377716625,16.3838554469282,10.4446490839793,9.87553202788601,8.54103679763275,12.8032929678494,9.12293971429815,12.2967176139146,9.76046738356577,5.07468333608824,15.1336637201732,9.32411723434126,12.2284357427166,8.4307029004056,7.85720072337029,9.53583745812556,14.793396171286,9.78802750028435,12.4054828349293,7.06984422874822,2.3052771238517,12.393278859758,5.80935163980645,6.24708074494762,5.70199153568468,9.8844009748608,10.9463771010444,8.24697779794335,8.59399732606706,8.84262107349296,12.4497992028545,20.9410072343269,9.04239320363454,6.50559034977795,7.58658800971506,12.0316582007296,6.27205578478288,6.81744173372573,6.52702707351279,11.8115685544673,8.44769169824746,11.8119947702896,11.5906166877785,10.2371185109361,7.04624867239004,14.5886477026894,11.2307186292029,11.5549583050761,7.58095296473086,8.29176337077875,12.7728635325045
7.6,10.2511467593528,10.6406251052508,11.9641875088691,10.1654832736448,12.330660648033,10.6409406656664,17.9618034403402,11.3699902607237,7.12512842264989,6.71047838474655,17.4557188479006,8.01624771217873,11.1717940655825,8.93016189680611,8.46512129745905,9.31711453730995,5.11949257641181,7.19871102145968,9.89901990058849,16.005185396151,9.69131708570532,10.2098773101587,9.8819006220312,11.1127777131117,14.9904957513401,6.28351040482072,4.92147667409949,6.31047464971872,9.11511787832823,17.3215943103971,13.729532341891,6.43596588754506,10.5040085649201,9.08488746962394,12.2806807775092,8.29314451504683,10.0480261694221,8.78937859826775,9.83406659131432,8.60598227137326,10.4504270645833,6.48956553032448,12.6089744537425,8.91681730115987,8.98024774852616,10.0559925462242,10.8427474262112,8.39688479443545,6.18322741990067,11.3819050877117,16.9606634642406,10.5658335615864,9.65859853294425,8.72664956646578,13.2350371989912,9.16544684498457,12.6806601493912,9.01911007616031,5.59781318281192,14.7234489103383,9.99334979760244,11.8772996955482,8.62929201560111,7.63462358061397,9.53834580567667,14.9802784561636,9.81539862187327,12.3534219853583,7.46609818461344,3.28678566202552,11.9246930186983,6.18892300893749,6.03897809185516,5.50580501900445,10.3586994452579,11.9431114069272,8.16067682645969,8.93839168607029,7.82793894838687,12.9774059435392,21.7006982623186,8.82595656289103,5.86600430001886,7.34778819570086,11.6462946575031,5.57072936105765,6.2258676999229,6.72813535318157,12.2768635288549,8.63388711599396,11.3112825211618,12.0428780418295,10.0432345271071,7.60282714802444,15.0515355194664,11.7725713618413,10.9517634902344,7.04900129156519,8.93109178946543,13.092979215893
7.8,9.63788456322371,10.5593151554547,12.103454258832,9.82055424287079,12.3133424404488,10.1022356494767,18.1724373883831,10.7337283818549,7.18002997953102,6.91616244092617,17.1339510076374,7.6897567774016,11.2392382731215,8.5964170350609,8.65897408058099,9.28120065451078,4.65644216014043,7.07513186376835,8.90707016774641,15.4987133526175,9.84081621117735,10.6395061179373,10.150110719108,11.1278102093166,15.3700995017586,7.05212238533587,4.74387383302906,7.14892044522403,8.75325534259463,17.1294991257381,13.6787464936071,6.77528170360123,11.099883227472,8.59347184637652,11.9791344201096,6.94313263231898,9.86804531364015,8.13139152573479,10.3290842747116,8.2720565573781,10.3299616089766,5.99754186006029,12.416656072982,9.03622275741067,8.63863830003389,10.036202522922,11.3600103762541,8.03769840440204,5.770677223747,11.1784559890118,16.5875381987607,10.6655666071097,9.42106784691974,9.25663319274238,12.8942299709828,8.97018420804719,12.5488465530651,9.61631950190214,5.86194254343471,13.9870381817354,9.96094249769822,11.6580339280206,8.17131303120961,7.63609438758729,9.09037126602967,15.5577611565548,9.85464702668616,12.0248267506173,6.99155514509394,2.96741724788235,12.5376798897313,7.25273648348108,5.93047736748473,5.88929053280933,9.83027125153759,11.7939275706725,8.02956617673597,9.02106653187946,9.23728818217425,12.9537024361338,21.1375173516747,8.31569583887189,5.54892157803098,7.94405175614347,11.7710139529176,6.18514483879421,7.23078636569556,7.62366758900487,12.0962017142065,8.60713141602366,11.3018367336272,11.3453070500254,10.9971774430057,7.33824847693541,14.6914363221828,11.7670189818743,11.3501190013372,6.76374949220795,8.32027164581339,12.4838428027792
8,9.32055061622222,10.0180248086135,12.6450018907615,10.2212215276671,12.2999385458139,9.95939959675618,18.1312379208327,11.0329316393393,7.22212812831754,6.36333730856138,16.5026899683717,8.09146539976907,11.2295222927168,9.71425201496946,8.80892414109919,9.27652592358146,5.24277610021661,7.40848357458165,9.48281677705121,14.9292152668168,9.90265399574703,10.6512534456763,10.4313865770089,11.0942078850147,14.4157521269204,5.89239596614449,4.97331406005874,6.25846469744947,9.41681115032444,17.7674275939416,13.8962036699918,6.86174462004744,10.62630521944,8.92001039558466,13.1481235192929,7.92668764354524,9.59550957076299,7.61984711335518,10.0423677719017,9.35063196699196,10.7233284029984,6.4615274557342,12.8725257412191,8.76865493466197,8.59400664296023,10.0446287282084,11.4293408607847,9.0520641802384,5.66483286123944,11.4157252616881,15.7228639039973,10.4809096160439,9.62111486707214,8.85959280464014,12.9739527099347,8.67373851860134,12.4753871147534,9.67186130847433,5.91688327001096,15.7092671650069,10.6596855557046,11.5749324229298,8.48519893128784,8.42114155447999,9.31244836432535,16.059778380983,10.3110955275583,13.0473256745105,7.10166260366255,3.40262852815589,11.595604894277,7.22503382640674,6.50534660916442,5.22922474593391,9.6772140293032,12.0765219120699,8.55583917011178,8.84723389669836,8.23603979242257,12.7823418749988,21.43043545698,9.22875219147109,6.36577066298035,7.44721861124697,12.3069798166635,6.13449997896318,7.28284286771242,7.21322373059096,12.0350071163136,9.17261025992647,11.1823459704337,11.3857255454672,10.6458183382933,7.62589805043719,14.4084172577845,12.3774370134291,11.5174472357079,7.35396729883775,8.52295871220579,12.687596533083
8.2,10.2270849667179,10.489674743743,11.3564297949288,10.2909851121981,11.7161510610365,9.89385487672914,19.3653647346907,10.92193205171,6.87947474385755,6.85697632460627,17.1294854062111,8.08176123330497,11.1412157578659,10.0372086510098,9.01035092935961,8.43472995177419,5.10357956154418,7.98496742998305,10.0017932876262,15.8334549199832,9.64389307120996,10.7059470096773,10.5070908314721,12.1085794159751,14.5848233103782,6.42020082518999,4.59567756839225,5.91345739846242,9.66858498176942,17.0358228494004,14.3963907629761,6.57042048944113,10.3876482069146,8.41667793985791,12.4673951642317,8.27222604666947,9.59734332927733,8.54245018338061,10.122401720241,9.10560898862246,10.8217857911556,6.1685631390927,12.9505419931134,8.68336324832468,8.05774322319388,10.3867016999038,11.4813243244079,8.5347203125331,5.6359295749847,11.6665839448573,16.754202584526,10.1654108100337,9.94663168560955,9.02166145001834,12.4305257139296,9.02512138994511,12.5436239136793,10.0342594737436,5.36269607470285,15.2136732603822,10.5892019172689,12.0221559925865,8.31079253096946,7.9452096654088,9.4759945054722,15.7512796780722,10.5829522607653,13.0411063397649,7.19782912292575,2.94902268451425,12.6283731329506,6.95078756430582,7.02136023355218,4.82931444806788,10.0517743679595,11.2381072257719,8.42043688078283,9.36977417737803,8.57996909329792,13.2313346218981,21.5497012858738,9.2036253516841,6.31785666142757,7.35715993767311,10.8620881392587,6.82976647501777,7.05474439208356,7.89414244116555,12.0847544521602,8.75375074129615,11.0729515871869,11.9583223674787,10.006872907046,8.18051979683389,14.6707384777136,12.333174787714,11.3054255523657,8.2580402633803,8.25397434123002,12.1376619484636
8.4,9.76519786464692,10.1643100550308,12.4493595857752,9.65320303927849,12.8533988849348,10.3967994396847,18.5082947641911,11.163097175231,7.96401366011311,6.11008623219153,16.7904046515248,7.88551798833473,11.8244659655286,9.42000370961502,9.07562094251728,8.6278699233894,5.26847617215604,7.04356053870858,9.82560806085241,15.1334801348372,9.57683860859688,10.09992492564,10.3234331305261,11.8092053752419,15.6490916345251,6.59456121922213,4.44406410018797,5.830568865057,9.76622779074931,16.8753060405263,14.6763017453934,6.07047132954442,11.0362683720623,8.87670770070512,12.0516996730709,7.6980715898888,10.103629838339,7.86687394895847,9.62492862692162,9.51536843457122,10.5758037536863,5.81734245896001,12.6471868860775,9.14958949469574,9.29551270030647,9.80219733827334,11.6897062619076,8.39827254393388,5.41195568264094,11.6679709407615,16.8614793627027,10.3100999059881,9.72934273394228,8.64831738806942,12.7384667335319,9.1478336193369,12.3782318601557,9.25163550682345,5.62257718744589,14.5507037982581,10.9511220257672,12.3155392283721,8.77836281125598,8.10720291562742,8.93512045326698,15.5169965501182,10.7055260251634,12.4662512586168,7.49200283986311,3.14484445359323,12.5014988086857,6.55560767177375,7.04986887743982,5.49298629599155,9.88738042892106,11.5884334697031,8.94009309759042,9.15283686461493,8.67154047133138,12.2836242426796,21.6894468287708,9.01850951328268,5.78774722258465,7.73153921733264,12.8109224275733,6.92666028484791,7.17780799045614,7.65868489995822,12.2661840685213,9.1668076799493,11.2261309069558,12.0083323763328,10.2252735433294,8.7125998879399,14.2891509613494,12.7036344175648,12.5298594349736,7.77338546041602,8.53668789856073,12.5986711921641
8.6,9.24343360773827,10.0981889631565,11.6513915617345,10.1830142410749,11.9143993539266,10.7807776581317,18.2799648779381,11.102017515752,7.30485779090685,6.52303493929048,17.256187761644,7.19369178126655,11.6960365866677,9.33561655173272,9.24009998407189,8.56174995736136,5.60261430964799,7.41247196018295,10.401298396124,15.9338151293553,9.23943092091924,10.2902402347162,10.1027555656514,12.2983204691252,15.0230280323812,7.06060112040327,4.19101015875401,6.28244299115173,9.11330118257452,16.8043233472823,14.453069045797,6.92613494521527,10.7323395864927,9.09497791256889,11.9486688815083,7.78292948656824,9.85154139480641,7.94925369120318,10.1582828741292,9.97042652342705,10.0380002603406,5.77633615242002,13.0680949760032,8.94572097943205,9.00504033295553,9.73728796639968,11.0645441505513,9.14650814100671,5.9192573447574,12.0813358842909,16.644373156342,9.72160968990088,9.56902509357092,9.15816969636651,12.5700764539511,8.37863406557547,12.9797545913238,10.0356460337086,6.39654956491579,12.9409380821821,10.8295300105862,12.3092161109044,7.84804895061597,8.52033592585417,9.87734357105803,15.6086095359156,9.94093429957101,12.8953696780223,7.35510300871861,3.47266986115323,12.2846159324241,6.60279660479978,6.95406276209939,6.00493605236595,10.8620461383965,11.9165980338917,7.80121221816807,9.0385842942257,8.80605403616799,12.8293683418632,21.4634750597683,9.98965899269021,5.63095208597561,8.20309949171135,12.1882271883581,6.55569922875644,7.0774239126793,7.31081232214529,12.0405445610815,8.95355141040871,11.488954815109,11.6553659321516,9.474341072,8.75254797527414,15.0301558376836,13.019929792487,11.7502279109598,8.25503774443054,8.08413800189422,12.6721415729397
8.8,9.58463396485995,9.96122361228745,12.2831114314031,9.82298004752736,12.8258549217916,10.8620877366753,19.2688601126327,10.5822418753592,7.69343571072373,6.57219062526976,16.8415449271107,7.39170481598416,11.9387028922928,9.18304729680139,9.33466301719421,9.1335983547879,6.0440644064331,7.14816793940289,9.88856127187237,16.2658775538036,9.71340431092125,10.8124275602325,10.5221983376224,11.3319091211594,15.3130151011769,6.55049459695798,4.51839847391405,6.64001185424067,8.70522579080786,17.8853858375661,14.9380195208445,6.53400389965759,10.8252943763081,8.93726636421752,12.5375212545685,7.75589989268269,9.78983443539147,8.34683476929837,11.0494913276232,9.38075603118328,10.538881384081,6.1993093381088,13.318078081363,8.64103618671895,9.08734997183931,9.50269131293193,11.1361115263185,8.62371454475607,5.65882629469886,12.1633028668477,16.5458167532268,10.2779211845211,9.86505801729082,8.62914102003809,13.3261960016333,9.39221313932985,12.3605806552752,9.7000953820669,5.90276770537992,13.6877547219107,10.4829786045155,12.3514665158136,8.16191716000673,8.36041053793176,10.2703674437965,15.7227098867464,9.90740317349532,13.0117993380249,7.22517982433448,2.93187052839942,11.9448073746491,6.77179120423893,7.66845039849747,5.14057387650471,10.1092825918939,11.9016796887653,8.17623233524799,8.90110123474641,8.60546996320573,12.12065732969,22.381779915102,9.3199330474759,6.59635402629042,8.06213165520382,11.6468707016777,6.84294161081337,7.31349762395786,6.77473747539971,11.3986901626877,8.44474849236055,11.177898756992,11.9829291680974,10.1561193496777,9.46837308059273,14.3697261568364,12.7515772790472,12.5601600514678,8.2893097992283,8.30349123969728,12.8006359065205
9,9.92548598826126,10.7287536466205,12.1794564172979,9.58084520285935,12.6479083070671,9.90836603673171,19.3592458146145,10.8411923206588,7.66378753718482,6.63587046042082,16.6272513445118,8.07202310031907,12.5040048761921,9.79957592062869,9.03170084487454,9.09527298720726,5.37407872284873,7.45157577546208,10.1011400462241,15.23234848011,10.3012739265683,10.0566253378899,10.3681927383504,12.4176895604847,15.997000198596,7.11872037989711,4.81222235511363,6.57025132640516,9.1051802839727,17.0898875759009,15.2068937520898,8.90073075533781,11.1966260535123,9.06856347315486,12.7591410178112,7.19745659973135,9.65023483469886,8.34528346173276,10.3363353224197,10.038026444358,9.94432817406812,5.83503535563818,13.0357521863661,9.20360053367919,8.64177647268445,9.18528056207557,11.1152961567985,10.1248767824423,6.35206400569086,12.8305471416511,16.166515000174,10.0185870800608,9.74918486699529,9.38506830125843,13.0662064273166,8.7162957689947,11.7819623340224,9.82317891115342,5.52287641909657,14.695459142815,11.0680215569086,12.3111942034865,8.84438462998761,8.73790405358758,9.6276148213544,15.4770750446534,10.3315217459579,12.2142554235264,7.30233000011761,3.34573616832488,11.8838886748405,6.44264924556252,7.38072490422651,5.49145063376197,9.83011806255501,11.6620048937904,8.19324224161223,9.30336361392336,7.97207309208931,12.4795816619229,21.4860232780003,10.0741907853783,5.9056916722188,8.03268883074247,12.2780651815962,7.17923297109554,7.69671834589935,6.92247995224734,11.5465872840849,8.74178438002774,11.70530491698,11.4226790960509,9.94853410000623,8.81177978215915,13.8713497133149,12.8639941940562,12.0587891806925,8.63839384179549,8.73227664897346,13.3373168633215
9.2,9.35976897966517,10.2996879998567,12.3145580790912,9.53918657448955,12.2061105236431,9.5494609438602,19.2040999497476,10.9952587914587,7.37687080007216,6.54218669846818,16.2263844865734,7.61298281929763,12.5985696588934,10.4296024456995,8.83592855142512,9.00248389277299,5.10462577721741,7.35682759902361,10.8143475606025,15.0056837550122,9.56788633183887,10.1454660824215,9.72558337824036,11.9427251660393,15.2486714593279,6.00831889094222,5.24543133618775,6.56106777730467,8.76684910283678,17.847584645524,15.6731577134599,7.62158825669794,10.6478026559174,9.48383629891197,12.6404060573715,8.16044147874742,9.33988774016574,8.20253782913854,9.78985464231773,10.2427727790166,11.0739817547336,6.07550818352812,13.0899914786279,9.08591869510236,9.18899480973543,9.42115724585107,11.3984972703437,8.96452638562446,5.98605497887461,12.172078906604,16.6653521564913,10.3049784079506,9.27418959451671,8.58313056351567,13.2463734210781,8.32560778979078,11.9803228070457,10.0695202101751,5.8005155209673,14.2321149292179,10.5803874110226,12.2733437263081,8.85092630036304,8.9324572734873,9.97493277816426,15.1971894734934,9.71965653564879,13.8186902930697,7.32895770319703,3.11204622846463,12.0849705477685,6.97232685634405,8.03767586330011,5.37870721262364,10.2524831016416,11.8767400415358,8.69453018874675,9.18178388960791,7.95055456028699,11.6613617365891,21.7618245834156,9.73591872598063,5.85363388368452,7.87401356121559,12.7389646314395,7.46617682426976,7.8202410826273,7.27972684885141,11.0912493119481,8.75858265545531,11.2481410317066,11.9193682326242,10.0318425092187,8.53334135834443,13.8084887553778,12.5122708793254,11.1153382187697,7.75246437247555,8.56445118261705,12.7328436137294
9.4,9.47554132923159,9.63645562610137,13.3747098243875,9.30428805356805,12.8801943046127,10.0775353086555,19.2396288954786,10.7409863812059,7.57231472511019,7.03538195562701,16.1267917838267,7.58032177708218,12.4141772891114,10.5887916949507,9.787665174852,9.21314529237985,5.40098552617761,6.94442662098035,11.4521857382521,15.3529766424801,10.2281427393523,9.87991456099422,10.1661421362835,11.5441142141557,15.8875966271326,6.73613733904496,4.73238079059685,6.3758890635749,9.89647287097841,17.6478703467112,15.2533183404601,7.02505486040435,11.0459718646101,9.71318725379101,12.3775535547882,7.75721144550473,9.80680353744616,7.64550820204697,10.3489241710414,9.60969812734038,10.7508419375756,5.53399234843855,13.9133702072685,9.3726782497484,8.63419900457399,9.69469912191181,11.0708044969361,8.89461679746977,6.58652709179477,12.3212911394046,16.3503867279607,9.9389422144332,9.34131424073571,9.43021430955629,12.8226513990081,9.14965327621647,11.8723958900225,10.1794986159123,5.74541556755903,14.4819517380302,10.5742449403824,12.0761686546676,8.47526668643371,8.95982039198999,9.67659330994932,16.4403544970281,9.15647384546099,13.28330297026,7.4878915267833,3.18122251710691,12.2807658117775,7.24073319111184,7.46565940106569,5.62588102202116,10.0495018761248,12.4024066837929,8.26770273240142,9.16157914514927,8.83270472500965,12.0272162831893,22.3624649993134,10.0289116089643,5.62060084835221,7.91740896524376,12.6751536979205,6.43420147501314,8.11043523479125,6.63443013585432,10.7405312668647,8.71204766016526,11.9709324207904,12.3768337626675,9.9334933165288,9.54195839016507,13.99324934737,12.8471484296915,11.8684106643389,7.41885191752568,8.72086848383264,13.1833210773566
9.6,9.51165743120671,10.1606258594716,13.0855687660989,9.45678001230629,12.3558816892933,9.73339910208717,19.5352852242635,10.7164752205823,7.12489727128381,7.00968006908949,17.0560638653259,7.81372148690952,12.1268568008477,9.94237795627047,9.60943794385494,9.04000678792717,5.45426893110117,6.39583745690297,10.511562446147,15.675833654899,10.0429389725607,10.4985451071589,10.2502377575532,11.316195079785,15.6149987444966,7.21521915403206,5.37225397005316,6.54310978887042,9.20600503330577,17.5323048080466,15.2610849402815,7.43892703103502,10.6803761010744,8.40468065541968,13.0183562649086,7.94257619992497,9.83541596240026,7.85475287716262,10.1104474141798,9.37315904378823,10.2995040261788,6.03555286073891,12.7933020671323,8.81990203984387,9.26005859451426,8.95189475401064,11.9899092534648,9.88291209064922,6.26231728574163,12.1969445612394,17.0906035119975,10.3816043466021,9.52270541811718,9.48520336677862,12.8885860885209,8.38136681892939,12.6396536333397,9.71717285275261,5.46820613381284,14.9718357467831,11.0278931477834,12.1711542744911,8.00873524152616,8.94903933403788,8.56809156494641,15.6829850749841,9.91941306602693,13.4177323671743,6.84055617798567,2.64744010696071,13.1657240328365,6.72864468861898,7.66278524077289,5.59975511107192,9.66036971109823,12.3864227241128,8.73629576183883,8.99637620975042,8.62403563663388,13.1575402061565,21.9674824498775,9.68318766566395,6.13902961740511,7.67122689095353,12.5335734930787,6.63502997038554,8.38910675881362,6.77291981128677,10.9068517973282,7.87464861334781,10.6969289632513,12.7021117011393,10.1711210947151,9.42508794229075,14.3464891239956,12.1777634900494,11.4799238384707,8.92036937889558,9.09719403666569,12.6938292146308
9.8,9.79524432590635,10.010254633681,12.3771554040142,9.6125107542579,12.1982338372435,10.0689649631894,19.3337161931055,11.0088338909323,7.77878209133478,7.67623515477957,16.9669826766401,7.50894682005631,12.5898078234148,9.68953382588048,9.88877084652625,9.9217060662587,5.5845030388375,6.21281262201726,11.3368289552991,16.0297032109867,9.72897068841651,10.461120899885,10.6153243036406,12.0598415303373,15.510127613602,6.8459437297572,6.33006259034617,6.29234182656517,9.43624809942914,17.4306704360777,14.8659750262977,8.03556302645541,11.1167072542485,9.07279985677572,12.2950239399283,7.69750355993182,9.7711715178949,7.67329272857884,9.32733902311765,9.47495113921539,10.5691727663094,5.72877036444425,13.9587160538207,8.74863977159506,9.4343377057586,9.06892553712134,12.0721065717501,9.75809633195018,6.89600771866046,12.217826428546,17.1109472203208,10.4123029115477,9.85910632140688,9.17015277014059,13.0969558447086,9.40427652164684,12.8074883364321,9.80578278373385,6.15697038941918,14.7938255223059,10.6985973208581,11.3092064725241,8.38731502928813,8.72596557117839,8.48205533040842,15.6040216805976,9.81997157228989,13.7784527210455,7.16769195942187,3.2583122330793,12.4357298147194,7.12679573748324,7.49153110954706,5.63357479764479,9.49221665863433,11.7189799175267,8.59810930234747,8.51614343807541,7.99012715148831,12.5092268397812,22.4611181570486,10.2415829769202,6.38023458646553,8.06565442701525,12.7002131366249,7.53270323418903,7.79020974284911,7.8528485060217,10.8958593691114,7.24097172301955,10.95068228072,12.6597206819425,10.4249460930844,9.19530151227772,14.6731134892148,12.7423594667038,12.0320794878405,7.99021931274884,8.8633557535551,13.0177740796566
10,9.69786274315089,10.1437488548324,12.0742725006112,9.45722744411765,12.6723067079351,9.72709620868221,19.1512848450364,11.6437704449935,8.03928359478071,7.44214378135138,16.7908845228994,7.48500196230417,12.2318104529302,9.6468825564167,9.38025595386112,8.97838608721809,5.18549989736766,6.53330932449784,10.7215696581071,15.9151146596888,9.77028122986557,10.7519365805109,10.6783396436133,11.079201939984,15.6655067317034,6.61013434308405,5.72310202724615,6.3619021573987,9.21450122987298,16.9910323162762,15.3329485904897,7.76143427177128,10.849047724606,8.39324744237304,12.2083478308454,8.02560131799292,10.0501821060401,7.77927493183217,9.26438981706787,9.62920017883672,10.4055319694363,6.11269184167328,13.9937691697299,8.18400990363245,9.54205314691328,8.8339252212049,11.3811243824911,9.51421812290337,6.35277696663285,11.8744576376001,16.4404738239331,10.2323540502447,9.3678315972208,9.67746822918792,12.8323984205805,9.59857469196554,12.6037026921871,9.84231462738672,5.67248543652754,15.420960637888,10.8390506158823,12.3372170525525,8.07035302860956,8.80470769842666,7.82021022743806,15.8101216912775,10.6120565866462,14.1032101973804,7.03015249367428,3.29316945961377,12.8572925762785,6.98593302784113,8.25371806773275,5.62647011344768,10.282206558422,12.1428686327899,8.71327085132016,8.74753879226788,7.87060436281494,13.1678408843937,22.3215301636625,9.75477315600264,6.23277738046111,7.28665799562305,12.9948857805051,7.06197915556798,8.91789772639823,7.32872420900706,10.4803787405738,8.68700550946069,11.4731247811095,11.8820146254166,9.43327321920327,9.38359209036467,14.578398693416,12.5457864378235,11.4252411862419,8.14340716093636,8.92594640508257,13.4817053600093
