qu0,qu0025,qu005,qu095,qu0975,qu1,id,time
0.463676923696292,0.897609887958055,1.07360325748166,3.77196064750052,4.00093978473902,4.57077551847911,1,0
1.47008069874585,2.17159967221727,2.52739921071863,5.60834487214531,5.68335157945754,5.9263253132599,1,0.508474576271186
4.38502457878428,5.23520107374423,5.32850497358802,6.16558696104062,6.24831358639172,6.44550806144315,1,1.01694915254237
5.15516167279328,5.74559088108942,5.79386640587954,6.46988442314867,6.5316836859872,6.72647368466431,1,1.52542372881356
5.65532518114798,5.93118357301742,6.00153255101213,6.63832371336386,6.68560339200311,6.93580394401612,1,2.03389830508475
5.74683902791617,6.05659071634666,6.13799110410775,6.75450097411301,6.80493347799345,7.03737414106311,1,2.54237288135593
5.90098449505009,6.1584520995551,6.225645068871,6.84531392959988,6.90106955523334,7.10199758220608,1,3.05084745762712
5.81620190135788,6.20407143690993,6.28265500726051,6.90720798645327,6.96526621299265,7.13960311128088,1,3.5593220338983
5.91603372252337,6.2386671941804,6.30332613971565,6.94985301564552,6.9894262358354,7.18435667852833,1,4.06779661016949
5.84528647718817,6.24362713160702,6.321647814294,6.97442740672875,7.01322336663657,7.33585391089305,1,4.57627118644068
5.91926962433128,6.25301794830118,6.31202308144891,7.00349776556878,7.0460472912453,7.28282291392296,1,5.08474576271186
5.83904246573205,6.23760395825948,6.32453367648718,7.02355850117855,7.07603310866768,7.3244771167806,1,5.59322033898305
5.80335135710638,6.22298288761083,6.31437681778763,7.0305802822031,7.08102111061102,7.34209715188899,1,6.10169491525424
5.78569557556436,6.21710080712143,6.31055877289224,7.02405014534394,7.08939561816928,7.3868140886292,1,6.61016949152542
5.68357748346636,6.1996557730759,6.29035964767577,7.02997819266533,7.07729707695521,7.43703678665638,1,7.11864406779661
5.57994148640064,6.18893010202497,6.27013132696478,7.02255183178331,7.08710310366684,7.45055163906234,1,7.6271186440678
5.48406331385963,6.16736360171882,6.24610297979916,7.02365373570896,7.09751155986873,7.43320754960853,1,8.13559322033898
5.33402932362821,6.11332957726106,6.22730324181405,7.01048275510618,7.07687655497133,7.46380093591227,1,8.64406779661017
5.22483534655046,6.10257793216732,6.17892701479588,7.01100566094419,7.07958082161837,7.36359537688573,1,9.15254237288136
5.04012796542616,6.06948800850036,6.18989143259822,6.99472083061035,7.07093506461179,7.41759402939825,1,9.66101694915254
4.95665908659778,6.03936570255237,6.13507813028437,7.00190174793652,7.05753456506408,7.35220827760066,1,10.1694915254237
4.76913257876354,6.03527083680724,6.12921861929775,6.99801324048128,7.06139284353612,7.33156879410341,1,10.6779661016949
4.74741995414832,5.98106277770084,6.10100520579854,6.98118308143467,7.04294765114807,7.42857519436201,1,11.1864406779661
4.56564773755745,5.95759661004684,6.05834802045682,6.96792106863982,7.04296532980622,7.35080336985874,1,11.6949152542373
4.50285060062473,5.92671686288004,6.05415097060576,6.95589588436129,7.02582236276329,7.37531069494915,1,12.2033898305085
4.41633653543821,5.89214737119625,6.02318081321497,6.94490621999473,7.02280552613053,7.41219212562615,1,12.7118644067797
4.24832839676516,5.84271654796254,5.97105771536258,6.93476791855061,7.00727549424592,7.33569327007388,1,13.2203389830508
4.07258912290137,5.83269091916477,5.93829297831018,6.92585838662682,6.99386167187388,7.30240999860234,1,13.728813559322
3.96739877759155,5.78635375125166,5.90804921985434,6.91999213740598,7.00092496108356,7.35206595093552,1,14.2372881355932
3.95737745156175,5.71768267738532,5.8946329784797,6.91742369983401,6.97364576045024,7.29293028725586,1,14.7457627118644
3.76719754746857,5.69085695324952,5.87021912777463,6.89981053190577,6.97799238734161,7.27370553817699,1,15.2542372881356
3.60850847010431,5.65683244028232,5.83747587109675,6.89914703324825,6.94699967372085,7.30261141750702,1,15.7627118644068
3.46184693587654,5.5953814236672,5.79819569974359,6.87832614959021,6.95109419283124,7.28573955479416,1,16.271186440678
3.36879494995625,5.57631647951048,5.74300257577923,6.86492372710951,6.91974257428409,7.24209187504087,1,16.7796610169492
3.22187493386393,5.53535422350127,5.72141318745832,6.86963160318832,6.95045350928227,7.21925487111764,1,17.2881355932203
3.23257645076898,5.49371521008827,5.67312573933056,6.84334335725455,6.9073182101285,7.22856370654202,1,17.7966101694915
3.05534641338041,5.44943324935736,5.67082098635383,6.83693496080129,6.91418678292069,7.24991334153825,1,18.3050847457627
2.9066394997801,5.44707910708609,5.62524126595115,6.82258449105293,6.91047559734246,7.22050548099579,1,18.8135593220339
2.7751909487392,5.37924134761457,5.59552595731921,6.8069580024789,6.88380751597575,7.18659067784245,1,19.3220338983051
2.8895494066014,5.35163632800404,5.54830052666485,6.80182764017126,6.87023067573718,7.20810486586318,1,19.8305084745763
2.89082991530023,5.30307510968313,5.50936839230371,6.79174395041021,6.86906440416746,7.16454331861034,1,20.3389830508475
2.90692389574419,5.25240206176796,5.51203145565454,6.7777942398512,6.84680878210352,7.19369249800621,1,20.8474576271186
2.63719466084831,5.19370023807385,5.45258489397583,6.76846033827148,6.8434527071695,7.19389506770782,1,21.3559322033898
2.28974731274003,5.17084730831815,5.40553221732857,6.75124907456198,6.84353391945401,7.11182955735235,1,21.864406779661
2.10335899905358,5.11843469200336,5.35537074670229,6.73637233392799,6.83589232951676,7.17339148806709,1,22.3728813559322
2.26177268364771,5.06937251682097,5.29739236813103,6.73319380513649,6.80774706321396,7.14320675143074,1,22.8813559322034
2.28382068098243,5.03292467078189,5.28963400650894,6.72627912428319,6.81168869046821,7.14549629238053,1,23.3898305084746
1.95150582376506,5.01309878696344,5.27491053865992,6.71635338814059,6.77933558233006,7.10336442346003,1,23.8983050847458
1.92343608898102,4.95612574361173,5.2259594229372,6.7089560362126,6.79563282486047,7.12377680100908,1,24.4067796610169
1.89849808320175,4.91529548103483,5.18329227313782,6.70590932254808,6.77456266701821,7.12208693785267,1,24.9152542372881
1.85093844754235,4.85116234567721,5.11018369450244,6.6894189442786,6.76939233043068,7.0765399420025,1,25.4237288135593
1.86781279647511,4.81994948190825,5.07442469799227,6.67318797483061,6.75673545370908,7.11064031827981,1,25.9322033898305
1.88199514571151,4.75660134566718,5.0847137095993,6.6707046144987,6.76276284172663,7.08655813421825,1,26.4406779661017
1.86072196768725,4.76766619206445,5.02067583854596,6.67597043775192,6.73500177641017,7.08451858831697,1,26.9491525423729
1.86340921083728,4.71446469253995,4.99745597429788,6.64122035521598,6.72063170788953,7.10140400267475,1,27.4576271186441
1.8816134975949,4.64392725328245,4.9441291556025,6.63136715343459,6.7178701802388,7.08541307809027,1,27.9661016949153
1.90645572328014,4.61280866617959,4.90824829738479,6.63295127781243,6.70204865271889,7.0600086446378,1,28.4745762711864
1.83942447076839,4.54358385241755,4.88665631240699,6.62184345442172,6.69979755300094,7.05349162041516,1,28.9830508474576
1.8801307475378,4.52962287385055,4.84050349686199,6.6015536167816,6.68285401112335,7.03370928413381,1,29.4915254237288
1.84835261167886,4.49005059168624,4.77566484932878,6.60451269084369,6.68365417510528,7.04217675010254,1,30
0.40655501596427,0.8603388694722,1.05126775018525,3.42533228885464,3.87305726472403,4.6191521169598,2,0
1.64123322355592,2.29976102530226,3.31152652259381,5.5815668407228,5.67734228443631,5.97378606781706,2,0.508474576271186
3.96441676705141,5.24230683308188,5.37020327962758,6.15277594461515,6.21191869928621,6.46618908286961,2,1.01694915254237
5.44033243636124,5.69655654986404,5.77695933597995,6.43929676832349,6.49411355438364,6.69972397063029,2,1.52542372881356
5.49868398902246,5.92955551974514,6.00025690939623,6.6009109411203,6.69092514892812,6.83340833625467,2,2.03389830508475
5.49969947335215,6.03808479650652,6.11040645871054,6.71682680358485,6.77422699538421,6.96536441315823,2,2.54237288135593
5.52325349149975,6.11283711296042,6.16402964886323,6.79574608814023,6.85748644736955,7.11641232110032,2,3.05084745762712
5.56974624089248,6.14414367937349,6.21578837097363,6.8361705482834,6.89698709707802,7.27853046837421,2,3.5593220338983
5.54574446562238,6.15480510531544,6.23110106382015,6.87864529697975,6.92718328084636,7.15308295671546,2,4.06779661016949
5.59167747942296,6.16961977811857,6.22943274563171,6.90023688108966,6.96297514853666,7.29649712190973,2,4.57627118644068
5.73212461801098,6.14765423179659,6.22988184714097,6.91013375859654,6.98402381500485,7.28768877631387,2,5.08474576271186
5.57928158402998,6.14288763662795,6.21310740488885,6.92478386246992,6.9975669926841,7.22638552614267,2,5.59322033898305
5.57010700361627,6.1456388481108,6.19844575197983,6.92298023465794,6.99107522224257,7.23989267908783,2,6.10169491525424
5.5489168467226,6.10773610671406,6.16033657253068,6.94168713465813,6.9885560969367,7.25880242842387,2,6.61016949152542
5.52592889675177,6.09743747273362,6.15272453668649,6.91568250014038,6.99001807162926,7.28643872564964,2,7.11864406779661
5.46614037742297,6.08060516368878,6.13043657258735,6.90975877406275,6.97247193399235,7.23084766410977,2,7.6271186440678
5.42641557729347,6.03996035860414,6.10821817335199,6.90800073457795,6.98930040779791,7.29516081734162,2,8.13559322033898
5.43299511449892,6.00608106024263,6.10192750740558,6.89119967071482,6.95199378704777,7.24181509004621,2,8.64406779661017
5.22616469463381,5.96440021268816,6.07059561960193,6.8918351394663,6.95876586693444,7.26459702753358,2,9.15254237288136
5.26350898588613,5.95197240490663,6.02794576950789,6.8940256684528,6.95515398364335,7.31426892062143,2,9.66101694915254
5.17034378645158,5.8784471698833,6.00497153915291,6.85426381514444,6.93603644438184,7.30097658542625,2,10.1694915254237
5.14308817467676,5.87773621399517,5.9821169914449,6.86011852979111,6.92069367336859,7.22318896476507,2,10.6779661016949
4.95672742239553,5.83019870485653,5.94915094745742,6.84181588472211,6.91433965665355,7.30014097773602,2,11.1864406779661
4.99605697727193,5.79463961339973,5.91524327079965,6.83546186259325,6.89148878815437,7.29058678273187,2,11.6949152542373
4.90410481852474,5.76981232495783,5.86969675082403,6.81525813214516,6.87997956973973,7.24646964555887,2,12.2033898305085
4.77252570290887,5.68903268813041,5.84158893535484,6.79641389893818,6.8809215988602,7.25901606078359,2,12.7118644067797
4.81063108282351,5.66538598478812,5.80638365365351,6.79112742321894,6.86716165360445,7.19041058895542,2,13.2203389830508
4.64710441280417,5.63229839866944,5.75852667263483,6.76500036399647,6.84822088030232,7.25970160753924,2,13.728813559322
4.67432289367582,5.56139096712651,5.73633039946591,6.75192363879564,6.84976162204422,7.25957698776264,2,14.2372881355932
4.56363608218718,5.51140531567865,5.68424093029886,6.74319292948188,6.83702330209011,7.13457210475352,2,14.7457627118644
4.49522239333097,5.47556906943079,5.66467826141893,6.7304033172559,6.82190032314791,7.28479437824187,2,15.2542372881356
4.35916693804075,5.4211200235789,5.62764469034559,6.72160808292489,6.79220447450762,7.10860741952951,2,15.7627118644068
4.31673164385576,5.37322001910896,5.61368478609836,6.7033805424386,6.78731140516072,7.21127166875915,2,16.271186440678
4.25384122887726,5.33436755308748,5.57102293088015,6.68511202918752,6.77858395795909,7.19128716536063,2,16.7796610169492
4.22130118245026,5.28504722676278,5.51871524839668,6.68004510301094,6.78557868504009,7.13205779594544,2,17.2881355932203
4.07690901324077,5.27929600612635,5.45779146034845,6.68146189988578,6.76654201275789,7.11535994952647,2,17.7966101694915
3.98652395828479,5.20673871900528,5.42332884191603,6.65320640311186,6.74712916408389,7.13217679495806,2,18.3050847457627
3.69645157824825,5.17348497886508,5.39020707162505,6.65762763066992,6.73485801998915,7.16151194429663,2,18.8135593220339
3.92955446991495,5.11917238668789,5.33316501559546,6.640114192205,6.71049809458793,7.05026076531807,2,19.3220338983051
3.94780858618388,5.09459090461668,5.31685290640402,6.63346699754581,6.7040355763198,7.12468624030459,2,19.8305084745763
3.95601343240475,5.04651919358525,5.25124330886028,6.61359838221255,6.6763287840792,7.01565861491303,2,20.3389830508475
3.82680657751363,4.99119767501592,5.22251819410103,6.60181440663544,6.6778729586422,7.1348074803385,2,20.8474576271186
3.78997717470632,4.97762975577688,5.21731689073807,6.57970784012845,6.67878740531571,7.04028517038875,2,21.3559322033898
3.6874291439989,4.92902971960954,5.16808286047234,6.5840889089236,6.65046693905233,7.04843537943595,2,21.864406779661
3.6461471489932,4.88015007171465,5.13372067778409,6.56361469758297,6.63642848005588,7.14056851904285,2,22.3728813559322
3.5904091449608,4.82304875088638,5.07553626673698,6.56031883226454,6.62003367394428,7.0632695218817,2,22.8813559322034
3.52681149092957,4.76540424881451,5.04958764156282,6.53025012105276,6.61783514252517,7.06830052588992,2,23.3898305084746
3.37616399220894,4.73915511197561,5.00681509880989,6.52807013370956,6.62289805183862,7.03906470893163,2,23.8983050847458
3.25138351084563,4.66887518574513,4.95734382280859,6.52292081982173,6.59920060388862,7.0551782988842,2,24.4067796610169
3.23074526063323,4.65588733331343,4.92390254325307,6.5008466629461,6.59839659822622,7.06322552048455,2,24.9152542372881
3.25934299024128,4.59818155847195,4.87844017709854,6.48928540250255,6.57477344507526,7.04359899241219,2,25.4237288135593
3.03991865785356,4.54215644774169,4.819204845195,6.48440251122754,6.57977642592122,7.11529437239851,2,25.9322033898305
2.94903151254496,4.52033103832672,4.80702173407775,6.45802106245942,6.54476272963633,7.00293365435165,2,26.4406779661017
2.84305711461702,4.4691385567527,4.75572842286853,6.46016722440941,6.54616087838292,7.00022148070354,2,26.9491525423729
2.71770301780439,4.3810764175384,4.7332527820695,6.44364080961329,6.53092149409753,7.02753809871924,2,27.4576271186441
2.76584869603883,4.39622772148391,4.67779613879344,6.44338348021636,6.52058515222113,7.02108683610747,2,27.9661016949153
2.5493002351178,4.35708702849385,4.63728625261986,6.42324656902884,6.49809449326251,6.98244872845493,2,28.4745762711864
2.59259910732724,4.32066362759118,4.61116992240013,6.41320064374572,6.50149433476519,6.99586067992674,2,28.9830508474576
2.60529632748085,4.2314710568964,4.54620305736746,6.40969994081518,6.48170244977163,6.97627097818124,2,29.4915254237288
2.52705757420963,4.14486500197226,4.51921583746072,6.40014835783952,6.47506121325049,6.96157856875459,2,30
0.276506021373693,0.682309682398745,0.844119804734529,2.38513072746665,2.50902185999434,2.91691827475508,3,0
0.151282442033095,1.10510127456998,1.2501303090828,5.50599328392,5.61227133608375,5.85013242877234,3,0.508474576271186
0.978119650908642,2.01547848323665,2.32553202244278,6.43397804906005,6.52200518224509,6.78345243976702,3,1.01694915254237
2.33620183126039,5.6648004918337,5.87455247514779,6.8905569214079,6.96941028794499,7.38373208959935,3,1.52542372881356
5.84553396452721,6.3515147629795,6.43824905365088,7.17431408878517,7.24495170291921,7.62728182552709,3,2.03389830508475
6.47721166954113,6.63358565582026,6.69728108281179,7.39257165189706,7.44277759494903,7.82340625884108,3,2.54237288135593
6.65542046089342,6.83168397853519,6.90382157015696,7.51731216345771,7.59050599803827,7.91450198174579,3,3.05084745762712
6.83942374620614,6.9677673872709,7.02344975789494,7.6466897419826,7.69930771302051,7.96989427610113,3,3.5593220338983
6.940419592254,7.06912411845555,7.12760296838139,7.72106208216557,7.7765319220059,8.05310056821893,3,4.06779661016949
6.96646838331398,7.1338597765992,7.18437082026344,7.78617884071054,7.85194087746321,8.08348628495676,3,4.57627118644068
6.97006796598983,7.20106222338968,7.26356388426163,7.8315744758028,7.9006378442118,8.18404952006961,3,5.08474576271186
7.03831801759594,7.24213314473485,7.2906352298021,7.89043288209128,7.94257062268363,8.18120370874717,3,5.59322033898305
7.0354992861196,7.27732921770196,7.32918597491076,7.91622479861714,7.97527631752436,8.2577899101245,3,6.10169491525424
7.04325168985316,7.29971189475935,7.3469042522598,7.94580893590438,8.00117060954317,8.28057024437995,3,6.61016949152542
6.99989745383524,7.31388888371662,7.36195915227155,7.96485343241307,8.0199987690716,8.42623380625999,3,7.11864406779661
7.03741764004415,7.31670906727453,7.368776647218,7.99507249589916,8.05626444891934,8.38421514079374,3,7.6271186440678
6.98068108636805,7.29438539090058,7.35493497227044,7.99788969432954,8.07260346195613,8.27827606293273,3,8.13559322033898
6.98221473331605,7.28505682913018,7.35994758507701,8.00840527156689,8.0971856246776,8.31066529468647,3,8.64406779661017
6.95245058710147,7.28716475519149,7.36415289639647,8.02265541057496,8.10212887878462,8.33091513627879,3,9.15254237288136
6.90756024821797,7.26300937662301,7.34449906570051,8.026549838419,8.10901794453112,8.34268285743789,3,9.66101694915254
6.87503341633305,7.24506399756614,7.32313326046192,8.03957335384895,8.09994979002808,8.31739565605199,3,10.1694915254237
6.87638900839021,7.2456574846424,7.32080015234928,8.02525262870569,8.11679983147777,8.32061892122232,3,10.6779661016949
6.79288209628311,7.22656199301067,7.28877111685423,8.04446051070598,8.12719944326443,8.37320523658044,3,11.1864406779661
6.8299019456973,7.19226286004741,7.28364809133718,8.03014187648449,8.1426957444123,8.33563996607178,3,11.6949152542373
6.73381516687021,7.15535739755013,7.24495446607784,8.01964053242136,8.10738703117868,8.34885809804793,3,12.2033898305085
6.66820103131303,7.13299355724341,7.24118367590677,8.03137563731856,8.11519003200109,8.44729911062626,3,12.7118644067797
6.61659635759983,7.11182102616366,7.21561601550396,8.03402296881802,8.11733619124374,8.43855266224513,3,13.2203389830508
6.6335138475657,7.06859810556596,7.1975408920715,8.0367171988322,8.11325781700106,8.36667261947619,3,13.728813559322
6.41787504431006,7.06980062105188,7.16577612650269,8.02644216388271,8.10947694321815,8.42762642460269,3,14.2372881355932
6.48156536667802,7.027525858049,7.13342460341615,8.01470158553152,8.10065682011353,8.43382839168107,3,14.7457627118644
6.31633668428179,6.99829023284918,7.10977491820864,8.00790443298519,8.10262283231888,8.39811173513923,3,15.2542372881356
6.36923741927615,6.97456565194761,7.11413275049992,8.00224756485187,8.09887597867788,8.44771723737513,3,15.7627118644068
6.28275361075118,6.92904591706482,7.04331076279068,7.98978585019933,8.07100557935994,8.34413624064807,3,16.271186440678
6.15614067564034,6.88006536741392,7.0298194881014,7.99538577536793,8.08678563642097,8.36248101845756,3,16.7796610169492
6.10139390516805,6.85878023040325,6.99985110756464,7.99355896636918,8.07048772958598,8.38861078902431,3,17.2881355932203
6.0186927164708,6.83139978039086,6.95069083702157,7.95386407103546,8.06072219133153,8.28982305674021,3,17.7966101694915
6.02544690806484,6.7981988045798,6.92603964337499,7.97146566640774,8.05232501614936,8.3243436156504,3,18.3050847457627
5.86923653254982,6.76037668393746,6.93148885831785,7.95984158662469,8.0531111665871,8.28976207590247,3,18.8135593220339
5.88343005071993,6.73466439482168,6.87385260557577,7.94968921362324,8.03061685923085,8.30383676440894,3,19.3220338983051
5.85048459234734,6.6949376570766,6.84241012529115,7.94453391211981,8.05173300357371,8.27002857393421,3,19.8305084745763
5.78275707721211,6.67173196507709,6.80040331766343,7.93236013775561,8.03124713690813,8.33239979377988,3,20.3389830508475
5.70341562740234,6.61782508379522,6.77055316468929,7.90376123043308,8.02599619779058,8.30457059764045,3,20.8474576271186
5.49892121685435,6.57593748402072,6.73504636726746,7.91419419643892,8.02441102670388,8.25373043333176,3,21.3559322033898
5.35666832917843,6.55869797946656,6.696519831481,7.90136548674687,7.99392707556132,8.26784394202081,3,21.864406779661
5.29449048795726,6.51694931012502,6.66926578449366,7.89697817656977,7.97919991394676,8.28701127670775,3,22.3728813559322
5.27249438560706,6.46802439983518,6.65102026302162,7.89018187309269,7.99276191201042,8.2434877152954,3,22.8813559322034
5.24431506906109,6.42759853315944,6.6301055365549,7.8765639792049,7.96296020252782,8.32415531261257,3,23.3898305084746
5.13154361798891,6.3896081818336,6.58241677999844,7.87596927412135,7.96772500886836,8.27034920347124,3,23.8983050847458
5.07003946286304,6.38521183411445,6.53631631943588,7.86287784603312,7.95349158633814,8.28380481866376,3,24.4067796610169
5.07906287804647,6.31162044039202,6.50751431678788,7.86457474841962,7.95161315090782,8.24151161741543,3,24.9152542372881
4.98632301165902,6.27225930861376,6.45742155614404,7.84688389840085,7.94826783641419,8.30686816169052,3,25.4237288135593
4.99293535972798,6.2443189477715,6.43933161926225,7.82728415151366,7.91903672526684,8.20221791174904,3,25.9322033898305
4.85792609012264,6.17655550406515,6.41080415984576,7.84750717735893,7.90264758824683,8.2808696428819,3,26.4406779661017
4.66634756744937,6.15352866621218,6.36402997348516,7.83025986087459,7.93746639744309,8.31866107886121,3,26.9491525423729
4.63802012983219,6.10637819080988,6.33187707828436,7.81564727621887,7.88226997282043,8.24145145520783,3,27.4576271186441
4.62344738869803,6.04975450420269,6.33613192198204,7.80846595972729,7.90330713095935,8.13175558902167,3,27.9661016949153
4.46265743531213,6.02826311324705,6.26572788922953,7.79826574844,7.88207132927776,8.23281999905863,3,28.4745762711864
4.26252717034659,5.99905546271418,6.22946045905715,7.78340307796551,7.87024774131234,8.14897342498125,3,28.9830508474576
4.27791625446964,5.97155045245875,6.19798252600315,7.80041703033839,7.85954053991018,8.11770376521355,3,29.4915254237288
4.26354780938215,5.93118496110233,6.16532307790882,7.76215197209399,7.84987440616571,8.09715993572009,3,30
0.336099791337121,0.858812627729997,0.992107425258451,3.58486220088259,4.43607793162555,5.08087432435476,4,0
1.00008990406816,2.22331831721611,2.77634817248561,5.91256274459658,6.03496719498384,6.27921300207941,4,0.508474576271186
2.35568609209016,5.62665281022571,5.72616654521619,6.59315356322462,6.65645624503535,6.91560702590595,4,1.01694915254237
5.10270393636702,6.17321531559111,6.23878448212883,6.91684392067481,6.97623616187468,7.18948432816192,4,1.52542372881356
5.23397745134244,6.44193837230361,6.49762773486741,7.13650488061537,7.19186613098013,7.47550923974057,4,2.03389830508475
5.35669534244642,6.59379354205514,6.66545250839469,7.28315340634035,7.33174412653775,7.49556196451511,4,2.54237288135593
5.38905502299349,6.72255101313635,6.76499859265235,7.3787566768467,7.42471137241241,7.62353625409239,4,3.05084745762712
5.58683340364037,6.78458131299648,6.83630044696006,7.44287514063604,7.49690736937636,7.78104162304239,4,3.5593220338983
5.4007470320313,6.82667170356114,6.88734128739704,7.49952177290256,7.54162716697925,7.75204580339401,4,4.06779661016949
5.29744083784842,6.84421739323266,6.90713967783771,7.51781121369229,7.58539462350369,7.79329912111884,4,4.57627118644068
5.30414820380486,6.88704583916524,6.93592492140712,7.54408838844761,7.6214334688099,7.79789145656269,4,5.08474576271186
5.22942802445367,6.86498216380666,6.93401139399914,7.56465135067976,7.63425666606436,7.82053592971321,4,5.59322033898305
5.25126204661133,6.85026065883894,6.91911629148787,7.58284557150631,7.65489037033668,7.77417161457364,4,6.10169491525424
5.30112943700768,6.85435263597514,6.91241258317267,7.58688923123277,7.63949276689244,7.81660354077186,4,6.61016949152542
5.25549129169991,6.82877592208597,6.9303972930228,7.61572813805464,7.64549255806077,7.83627869388548,4,7.11864406779661
5.17065864657311,6.80496486423246,6.8936379482377,7.6055050897745,7.65429414821594,7.83699142859229,4,7.6271186440678
5.22267945339962,6.7722240258941,6.87956762741615,7.6074602586556,7.66056226219484,7.87634531644366,4,8.13559322033898
5.19366990798263,6.74888753925688,6.86195278122858,7.60379769052086,7.67629467397725,7.85217312766928,4,8.64406779661017
5.23632654496721,6.74979032351261,6.83131448686238,7.60377733713603,7.67264180823968,7.86300977090521,4,9.15254237288136
5.0496996002484,6.71361330902662,6.80545559031049,7.60395991498813,7.65250352507251,7.86158843004731,4,9.66101694915254
5.24910470659095,6.70215331311422,6.78870336984848,7.59028642927212,7.6516057255003,7.84243098995893,4,10.1694915254237
5.07058625177815,6.66876727745647,6.75535758760376,7.57978622815656,7.63421480965463,7.83516427011266,4,10.6779661016949
5.11387160326694,6.62613971283187,6.71180899176569,7.57766076473639,7.64486463034547,7.85839202194334,4,11.1864406779661
5.03132361067066,6.5827070716461,6.69224917970819,7.58023350617224,7.64261464406005,7.84941846531293,4,11.6949152542373
5.05399676856557,6.54881884027328,6.64386849237534,7.56767012421402,7.63372588417972,7.85139951309237,4,12.2033898305085
5.03678908954673,6.51393492752218,6.62971292359756,7.56185696643929,7.62893062678747,7.83600963021499,4,12.7118644067797
5.10726821444795,6.48416609678328,6.59474202936341,7.54085777198546,7.61385606759851,7.82425480314253,4,13.2203389830508
5.09620156127334,6.40278018865561,6.55598057359662,7.5374316451966,7.59463251008424,7.84343126669978,4,13.728813559322
5.00056646539018,6.36331056969797,6.51884869904101,7.52256576939161,7.58941716268725,7.81308300700676,4,14.2372881355932
5.05834067612069,6.32722099176544,6.476176621756,7.50464394072608,7.59771118491136,7.78466990040939,4,14.7457627118644
5.12916740800984,6.2655799932093,6.44773232652475,7.50115085354406,7.58707144870693,7.79846112696399,4,15.2542372881356
5.0602291946205,6.24427458962674,6.41589715681705,7.50181928749862,7.57218021776806,7.7932026700015,4,15.7627118644068
5.04339284368401,6.20155527278035,6.36744279851856,7.47163722675579,7.55637344021736,7.78775927071541,4,16.271186440678
5.08325692589477,6.1544092302054,6.33361316700034,7.47313759143707,7.53865450036236,7.75547654650735,4,16.7796610169492
5.11574931907897,6.11441508946752,6.30515480475275,7.44750938050675,7.54635261410713,7.74525543029767,4,17.2881355932203
5.0507149389361,6.06181358843771,6.26632355716599,7.4371649159701,7.52269082078312,7.7354169145585,4,17.7966101694915
4.9438625171128,6.01474050991941,6.23531019021879,7.42863359582106,7.52093559752599,7.74091376209311,4,18.3050847457627
4.92756995913989,6.00498197056998,6.19418002296347,7.40861488030085,7.50833604962735,7.70196084937866,4,18.8135593220339
4.7723885202054,5.98448858819974,6.17051630787387,7.404933892217,7.48977839137315,7.70533541546991,4,19.3220338983051
4.70228449726402,5.91024020172012,6.12710071747074,7.39670384851546,7.47379785240544,7.69236154132352,4,19.8305084745763
4.76817581770284,5.85447103208742,6.0867044466265,7.36942552688838,7.47362763143631,7.71149790728401,4,20.3389830508475
4.67160317515735,5.81080766740095,6.0572658479354,7.36159319172812,7.46270006016812,7.70193287974657,4,20.8474576271186
4.57337994516132,5.78356281472615,6.00582490553162,7.33931424120411,7.43900120006167,7.65321480768018,4,21.3559322033898
4.48631218304036,5.71794806487162,5.9695309688299,7.32230548698319,7.43788794948993,7.66979428082388,4,21.864406779661
4.27871465978606,5.66867121882808,5.91200376676787,7.31967831343345,7.42233117594394,7.64556830232394,4,22.3728813559322
4.25854733855915,5.62667388709015,5.88762497509479,7.30645611844986,7.40811932764365,7.66727060728154,4,22.8813559322034
4.17511557358615,5.58232681643563,5.87113600679346,7.28786787296786,7.40129762027308,7.63023874005648,4,23.3898305084746
4.02405943014688,5.54133727261349,5.80355967002614,7.2741801886752,7.3978250358728,7.6048316259478,4,23.8983050847458
4.00394146017657,5.48784610276449,5.74381863982786,7.26700865932269,7.40259273810355,7.6602941000329,4,24.4067796610169
3.95259538475116,5.42800596930251,5.73709127803062,7.26326803169468,7.37169782796833,7.57964102553319,4,24.9152542372881
3.97926188923718,5.37476719299711,5.6849104642927,7.23728481353928,7.36449262335408,7.59581274508438,4,25.4237288135593
3.75249175201652,5.33863386355611,5.66203749060049,7.24391796699762,7.34525337567783,7.57276896251994,4,25.9322033898305
3.68087624244065,5.30947225823221,5.59184245896424,7.21702845218559,7.33426403228504,7.59056031058781,4,26.4406779661017
3.61836531596299,5.25304125088544,5.53652462290155,7.22610224880695,7.32241477202518,7.55302429235012,4,26.9491525423729
3.65413156266383,5.21117024729816,5.51724602049424,7.18803169057571,7.2994297695106,7.5080791372902,4,27.4576271186441
3.45109399123236,5.17609663651864,5.4910683727533,7.19192132843439,7.29635505041117,7.60979607619444,4,27.9661016949153
3.40697724060351,5.12464914428831,5.45908678874045,7.15679981465196,7.27793649688817,7.50977197306679,4,28.4745762711864
3.37435589548137,5.08924850583833,5.41419092285006,7.17259203195371,7.26478989098135,7.50921522183378,4,28.9830508474576
3.35344448606946,5.01660808948878,5.38628811918459,7.15455791920824,7.24469192060829,7.53192984350081,4,29.4915254237288
3.12985154764689,4.93863489446691,5.33391946127799,7.15160438085314,7.26815506583211,7.5176201045473,4,30
0.339971922999974,0.806922028080125,0.953562473051917,2.64373516214038,3.01966765582827,4.65931996811439,5,0
0.814795851908898,1.49371303777233,1.66978970886535,5.87341214926226,5.99183908290649,6.40781726278989,5,0.508474576271186
2.2480799428775,4.76106556563243,5.27023218151522,6.58788263216963,6.67123036256235,6.95003381330903,5,1.01694915254237
4.75507969534525,6.05748119811296,6.18592537452753,6.9892077603786,7.04967309030861,7.26936420242428,5,1.52542372881356
6.10501599201837,6.48345997484332,6.55173089467635,7.24885221859837,7.31595866697377,7.50663332061226,5,2.03389830508475
6.42792919469707,6.71771835407574,6.78177513829318,7.41016212863155,7.48116904809118,7.67799280270409,5,2.54237288135593
6.5454890443674,6.85700381732576,6.9298455034616,7.54136676642053,7.61196983783222,7.76886826142693,5,3.05084745762712
6.61023478017725,6.94632823173221,7.02733161326639,7.63503291597227,7.70766583993268,7.82427382538661,5,3.5593220338983
6.71565927382614,7.031940243949,7.09078718280669,7.695623901422,7.75325236261925,7.98702677645544,5,4.06779661016949
6.84086191553782,7.07699265524894,7.13516134309802,7.74208255057247,7.78086270150389,7.99973136821644,5,4.57627118644068
6.83205436899086,7.10450026884161,7.16123330112783,7.78017218978507,7.84875528469959,8.02449591430238,5,5.08474576271186
6.84926010628506,7.13361509419346,7.20147130784233,7.80929614847603,7.85778508974491,8.04455272427621,5,5.59322033898305
6.90925451066561,7.14649295801399,7.20508998883558,7.83144710783236,7.87664677386455,8.0234175611337,5,6.10169491525424
6.83423302300969,7.1386644990328,7.21248108817861,7.84784272288192,7.90561842016168,8.04823606145119,5,6.61016949152542
6.78454214317775,7.15849143450365,7.22049561126071,7.86322353398165,7.90615184704084,8.15763909212148,5,7.11864406779661
6.71914696849675,7.12874875375703,7.21230534374605,7.86709948770556,7.92352656150393,8.13357348339576,5,7.6271186440678
6.6306743009626,7.14488225653788,7.20362526300701,7.87330656123118,7.92740994229746,8.15025155269625,5,8.13559322033898
6.56011124092605,7.0950063003274,7.1935241478456,7.8839438463248,7.94516897085139,8.16431428914875,5,8.64406779661017
6.51743098760829,7.06209174032678,7.16491177830314,7.88243078841102,7.93407123253073,8.14362729073248,5,9.15254237288136
6.41585933733874,7.04892327120882,7.15064419007604,7.88079589844198,7.95657819804425,8.2030527155975,5,9.66101694915254
6.35430248897067,7.02305250834236,7.13378562909359,7.87304574024003,7.94736902917711,8.33673032341982,5,10.1694915254237
6.32863977448203,6.9967805534582,7.12475830764537,7.87016282266034,7.93841589896264,8.27351737747685,5,10.6779661016949
6.234485489306,6.97174268809482,7.10613417076205,7.86866688990114,7.93229383394099,8.23871813766974,5,11.1864406779661
6.13550672355975,6.95310539545924,7.07037854798489,7.87060056879471,7.94507857275502,8.26453643439127,5,11.6949152542373
6.0697365089571,6.90377606914081,7.03102000847026,7.85919217853991,7.93196020702352,8.30529066555569,5,12.2033898305085
6.03437662256517,6.85549905425447,7.0261807437868,7.85628333159918,7.91976311627772,8.29092851200016,5,12.7118644067797
5.92489103158476,6.834395182719,6.98793049717264,7.86251385417667,7.92293177150943,8.23914897928008,5,13.2203389830508
5.89149045652696,6.80634245471378,6.94772261885063,7.85104639981197,7.91731796351191,8.20375172765179,5,13.728813559322
5.7676514303979,6.72936174686001,6.93475019831717,7.83716343343959,7.90796266764706,8.19803224376411,5,14.2372881355932
5.69045684303077,6.7246742679131,6.9104022834097,7.82353283800737,7.88658978513898,8.18111664198881,5,14.7457627118644
5.64330637467305,6.66179090829279,6.87074236859201,7.81172643193986,7.88540658684793,8.2021094710479,5,15.2542372881356
5.56701272521075,6.59765576881569,6.83335375947663,7.80793268499963,7.88456541435638,8.28661302881696,5,15.7627118644068
5.48172003690483,6.58589804912346,6.81236775497712,7.79975143841017,7.88145801995016,8.23898145476735,5,16.271186440678
5.35501146899483,6.55838538736347,6.79376669994759,7.79091110246582,7.85882091444021,8.13055467017154,5,16.7796610169492
5.32038360054784,6.49392556533087,6.76915011375323,7.77392226370883,7.85641648912481,8.22950005558778,5,17.2881355932203
5.28909224773532,6.45234756294976,6.73850440981896,7.77372201401368,7.85199659360512,8.22381138440058,5,17.7966101694915
5.18019204945396,6.41631873850069,6.70758779457107,7.75408636777135,7.8460510963286,8.23005007687335,5,18.3050847457627
5.17116798208006,6.40918487505928,6.67724445666675,7.76404192038789,7.82741883717318,8.20747301334302,5,18.8135593220339
5.04810394437982,6.31315462704017,6.63033472317351,7.7513034810403,7.82832171641887,8.22967533948134,5,19.3220338983051
4.97311973828027,6.28043218985363,6.64446041069971,7.74153634205761,7.81982347685123,8.25599699999382,5,19.8305084745763
4.92761724520885,6.29478161157488,6.58379497462428,7.71705623892081,7.80014820354559,8.16129110152289,5,20.3389830508475
4.79922705003094,6.24274412969647,6.56107168971442,7.72577922877723,7.79642542941154,8.26530332910263,5,20.8474576271186
4.77947073818709,6.19974435780369,6.51993530727238,7.70383877354097,7.78882472402822,8.23540162355989,5,21.3559322033898
4.69629135297489,6.13481396948235,6.49872718907869,7.70207249120425,7.78161167675621,8.19742711685663,5,21.864406779661
4.59507603729292,6.14936626233726,6.4671516243858,7.68647201282334,7.75579026073226,8.11908374080433,5,22.3728813559322
4.50238694606134,6.06324241634352,6.44573894189306,7.67324292277878,7.75583915439303,8.27775355665694,5,22.8813559322034
4.39924015118607,6.07993217625236,6.40843381093031,7.6597696173417,7.76581355589168,8.23280969453516,5,23.3898305084746
4.37189209509958,5.9831159502447,6.37620317823102,7.64205098336598,7.73183692713282,8.12738502420606,5,23.8983050847458
4.39965667144398,5.9375236006755,6.34165053307357,7.63446605601085,7.72836782021966,8.19547737539003,5,24.4067796610169
4.25858154287595,5.94623172794168,6.32997195992345,7.63578894925779,7.70616404573847,8.12014228781327,5,24.9152542372881
4.17133359502391,5.91314397605215,6.25340473163761,7.61858608843292,7.70722773524596,8.21523525562827,5,25.4237288135593
4.10755583587233,5.86513069786731,6.24154262758732,7.61036280026234,7.69800379332221,8.10613337721203,5,25.9322033898305
4.06211086338865,5.77996588313742,6.20726637115957,7.61693021823827,7.71310990896861,8.12405679689181,5,26.4406779661017
3.98734321727002,5.7771219739035,6.15554404213055,7.57226345738043,7.67863000177102,8.11029238148141,5,26.9491525423729
3.87320339846674,5.72617689331502,6.11487795420851,7.57989013934241,7.66209260637546,8.12501700957758,5,27.4576271186441
3.86672978031253,5.68466168840745,6.10460725178548,7.57555558856094,7.68129933266145,8.1227859080761,5,27.9661016949153
3.84089291346327,5.64821893417459,6.04459062503789,7.55325286181247,7.67149513736947,8.06304346777891,5,28.4745762711864
3.79284402013882,5.59140959675193,6.02460585507246,7.54992614901102,7.65603975256783,8.21652091749941,5,28.9830508474576
3.68284291415779,5.55801817800824,5.97764716349637,7.53380953784959,7.63846684472951,8.02022411342852,5,29.4915254237288
3.66478473422129,5.5477245712953,5.95083819350677,7.52890125794757,7.61722175594485,8.07863038729531,5,30
0.881552337041665,1.56502154613658,1.71432855921329,4.90378348899013,4.99482018420006,5.21929003148724,6,0
4.66212265878701,5.13537100250956,5.22641360106406,6.05920286535017,6.12337241620236,6.54142330248981,6,0.508474576271186
5.59110431804246,5.77937006546329,5.83095335403812,6.52538229992315,6.59053761157104,6.89338120037095,6,1.01694915254237
5.84540506734544,6.06485932596863,6.13295481604867,6.78255907708939,6.85845787406901,7.1012615011795,6,1.52542372881356
6.1105618396918,6.25688906716197,6.31416126387213,6.94967123120273,7.00638182255716,7.26594277561785,6,2.03389830508475
6.18766901943099,6.39980198560032,6.44197749626389,7.0655263854051,7.13076562236176,7.48452521933119,6,2.54237288135593
6.26596949653749,6.47431357851139,6.52883788469651,7.13257095099433,7.1937002203207,7.60100620217292,6,3.05084745762712
6.29560355480704,6.53690595738863,6.58795899975984,7.21310032510867,7.28158782336327,7.57880058890956,6,3.5593220338983
6.37264262822573,6.56590499755571,6.61899691267162,7.25403395250044,7.30714538802767,7.6500796347438,6,4.06779661016949
6.32412735442746,6.59294310797642,6.6551939143062,7.2871660269806,7.34313206240701,7.76341411599775,6,4.57627118644068
6.38348167366962,6.62118061534411,6.66628936203734,7.31527614858375,7.3729291694636,7.80921292854748,6,5.08474576271186
6.39254220199661,6.61873586566541,6.67961243368435,7.33481237131784,7.39974651706311,7.79030655042595,6,5.59322033898305
6.32911546735684,6.63103936688409,6.70025326233104,7.34437299066334,7.40554012132576,7.704616541235,6,6.10169491525424
6.29132840097694,6.64418889329069,6.68755261582411,7.35606265694012,7.40921471973065,7.84335923507022,6,6.61016949152542
6.22037791900978,6.62067756016793,6.67527518462716,7.35432890084984,7.42359630594014,7.90678970920271,6,7.11864406779661
6.25814345025386,6.58744313295085,6.66602568862951,7.35840645781572,7.43153947751107,8.08328733816957,6,7.6271186440678
6.28142743701427,6.57933548857241,6.65529340744882,7.36268250265005,7.4194689853949,7.85017054647477,6,8.13559322033898
6.22580126349983,6.56636920402397,6.65290731160001,7.35481470583714,7.43415339608509,7.86889766738438,6,8.64406779661017
6.19151954141259,6.54694572769384,6.61789737162705,7.36471562330232,7.43522535804989,7.81577334920717,6,9.15254237288136
6.07402318532425,6.53621638448952,6.60548569194237,7.35835023803758,7.42779938182054,7.9686082201903,6,9.66101694915254
6.06300715167293,6.5022370275658,6.60912666062991,7.35549814180685,7.43006208923117,7.94353468267927,6,10.1694915254237
6.10250598538538,6.4930533084483,6.57408745974567,7.3407763612241,7.41117052423458,8.0651281057314,6,10.6779661016949
6.03195522595539,6.46206759109675,6.5336508400146,7.3555265756595,7.41836052799985,7.94713574436197,6,11.1864406779661
5.98964088859839,6.44449383693573,6.51860113911721,7.34521525312349,7.41474183402939,7.77001986846979,6,11.6949152542373
5.93968480182374,6.43004156400507,6.53286993721175,7.32658599250255,7.39448096525718,7.99633752129781,6,12.2033898305085
5.96413023749409,6.40142121580656,6.49186897936772,7.32880871515311,7.39314108446657,7.98086008271433,6,12.7118644067797
5.95748600877864,6.36573135297886,6.47248611646395,7.31666696380113,7.38721986084418,8.02926545079812,6,13.2203389830508
5.93876660851966,6.3532366355228,6.4702368882627,7.31386127666221,7.36850928259395,7.78266960157325,6,13.728813559322
5.8879057500211,6.32385540986372,6.43913900100327,7.30515517210759,7.37004988698335,7.97389484643354,6,14.2372881355932
5.80717490702723,6.30667275451271,6.41180063910856,7.2903594072193,7.36535015972451,7.96658322817044,6,14.7457627118644
5.78141087496646,6.27765671168471,6.411169839576,7.27879861171904,7.361815504948,8.06450861691615,6,15.2542372881356
5.75522800953838,6.25805155637428,6.37687545354842,7.26940535388878,7.35268886050945,8.05590673872448,6,15.7627118644068
5.72065478677655,6.19303224407619,6.33819649298777,7.26955821169454,7.35624289374585,7.8416356166232,6,16.271186440678
5.6965477428748,6.2071030762647,6.32717660481142,7.26325474165217,7.35044748564682,8.03219216756599,6,16.7796610169492
5.56442976830959,6.15957148345826,6.29977126087208,7.25353786475422,7.32047406453934,7.91609072339154,6,17.2881355932203
5.57709632870296,6.14496671300154,6.2743186946484,7.23471406162536,7.30828938645819,7.92627490506938,6,17.7966101694915
5.55383892082649,6.13732313117332,6.25152600124756,7.22531548926385,7.31786642197438,7.99498302924756,6,18.3050847457627
5.58555556059295,6.09421624056703,6.24200538575101,7.21794526770827,7.30814464168578,7.8158481007526,6,18.8135593220339
5.60056155299682,6.08457734691452,6.21177246388225,7.20485640971255,7.28342497950281,7.96088130733807,6,19.3220338983051
5.39830276801628,6.03045988709371,6.19569689153298,7.2056610181572,7.30507753508253,8.08487007345507,6,19.8305084745763
5.4356367591761,6.01628292845751,6.17721031725149,7.19581352346272,7.2834244478925,8.01344483809718,6,20.3389830508475
5.45336589178022,5.97218343156073,6.14114799308098,7.1870589588289,7.27710166601661,7.99985978537901,6,20.8474576271186
5.40244855760924,5.9256140918966,6.1109193493429,7.18371881439183,7.24899462539859,7.92114273085939,6,21.3559322033898
5.39689228777621,5.90331678105669,6.07427251491359,7.16592970310313,7.25847356176259,7.79008628165209,6,21.864406779661
5.30014278730357,5.88664960538372,6.06480161825911,7.15872644014281,7.25060455794957,7.87855583744385,6,22.3728813559322
5.26518761056099,5.8465397013831,6.04111717847179,7.15732407961149,7.22259240783069,7.81738030228385,6,22.8813559322034
5.23881364176602,5.80997500999342,6.0193108205022,7.13115446175064,7.23754614058942,7.89796542736936,6,23.3898305084746
5.22044072696035,5.77216157517914,5.99606707859334,7.12956423342672,7.21663031154088,7.96950657884793,6,23.8983050847458
5.17093212819512,5.71202640103515,5.96028811312283,7.11658212483274,7.20389404463723,7.93049834340801,6,24.4067796610169
5.11201062415436,5.67724511363718,5.93378821003294,7.11750066736388,7.20221877809871,8.03409508762204,6,24.9152542372881
5.05377553571387,5.69633809851469,5.91196611279066,7.10669556714523,7.20091629363082,7.80973033329198,6,25.4237288135593
5.01434642295779,5.67952400651525,5.90615834301924,7.09451922142615,7.20107425492795,7.83606174118467,6,25.9322033898305
4.9765045910662,5.59346513829031,5.86826540459456,7.07587791758326,7.16324340475853,7.93943998259661,6,26.4406779661017
4.95918012617715,5.59808743227024,5.83707911442108,7.08853860909414,7.19437360760035,7.7732476818457,6,26.9491525423729
4.99837644680397,5.56641242176576,5.81461355046179,7.07117125332477,7.16009525739199,7.83431674428118,6,27.4576271186441
4.89277975624374,5.55496197295522,5.79219202109902,7.05795267769258,7.17192380395559,7.83985220650813,6,27.9661016949153
4.79569236290699,5.52545803533583,5.75274868912163,7.05047243022968,7.1663573770083,7.91997491604175,6,28.4745762711864
4.76068118796218,5.47644929110896,5.73569133617422,7.04542652405936,7.13239669038875,7.90664014507568,6,28.9830508474576
4.70323300153075,5.45578329916976,5.68647976247055,7.04557104779549,7.13898604871984,7.91434439456123,6,29.4915254237288
4.65740824096715,5.45833679310696,5.66882750764546,7.02515915730735,7.12781514270338,7.80333162115466,6,30
0.4985025825391,0.950476429464508,1.13743911919223,3.86002126458226,4.19677847420471,4.70247904461117,7,0
1.44358034455593,2.50857822239163,3.96199538548942,5.7487287898432,5.84965924359718,6.11805187680986,7,0.508474576271186
4.89253608457653,5.46059382017658,5.58514728206114,6.37296011241676,6.43885062009247,6.62459323277557,7,1.01694915254237
5.3867298281463,5.93683689232689,6.02119405889426,6.69640063199848,6.77410435500462,6.96997356817309,7,1.52542372881356
5.63433010394352,6.18789644552623,6.24191142999611,6.90168027463038,6.9597271910993,7.1392503688698,7,2.03389830508475
5.89151168942893,6.32935313875774,6.40999763842854,7.03227076353215,7.09069386806509,7.31103202301376,7,2.54237288135593
5.94772021147097,6.45857398066506,6.51648880660622,7.12601246193864,7.18302592912521,7.46385031907762,7,3.05084745762712
6.10398926492514,6.53086050655212,6.5983717819897,7.20883658153876,7.26041298798574,7.56347176448512,7,3.5593220338983
6.1160153501734,6.59230963760726,6.65585262898365,7.25881925997803,7.32706692078955,7.55722138884996,7,4.06779661016949
6.13854811839553,6.61422238708835,6.68618132491185,7.30174046088952,7.35009373757787,7.64188058096181,7,4.57627118644068
6.24184701564516,6.64526545888045,6.71458756139068,7.3236233574485,7.38510942844868,7.63575093348182,7,5.08474576271186
6.1414810223302,6.66543023350862,6.73509152452849,7.3571360541839,7.42870239186942,7.66988004644112,7,5.59322033898305
6.2046911670878,6.66511418544226,6.7344735627875,7.37207065121981,7.43486720770336,7.66962685112173,7,6.10169491525424
6.25200253375792,6.66147081175615,6.73313111013086,7.38748421941714,7.44933920890447,7.6762413664981,7,6.61016949152542
6.21398923172823,6.66547968684971,6.74069553680976,7.40217858938028,7.46769579005532,7.71139016293444,7,7.11864406779661
6.22195739654227,6.6527100933061,6.73857936693896,7.40677512528449,7.47544782012431,7.70865952515692,7,7.6271186440678
6.19217692551144,6.64129432132615,6.73905852902276,7.39643477213699,7.48500997751557,7.73190115085273,7,8.13559322033898
6.1732462027446,6.61621291713104,6.71556522337922,7.41167036246287,7.50332967825464,7.76185906008527,7,8.64406779661017
6.09599551680779,6.6226163059145,6.70424849476658,7.4065732277642,7.50169876880087,7.75077908120247,7,9.15254237288136
6.05123205680411,6.58878380703803,6.68377816591973,7.40377722713348,7.4903384679506,7.82378249350557,7,9.66101694915254
6.0130892579193,6.57701959397503,6.68397874383871,7.40136897575533,7.4881518437342,7.7916460289218,7,10.1694915254237
5.98557639703073,6.56901304107103,6.65030835800156,7.39960499653179,7.47320808716262,7.77110172914121,7,10.6779661016949
5.93482582467411,6.54637780345226,6.63665781323678,7.39650041297191,7.48220382585353,7.81573634538127,7,11.1864406779661
5.88354955356874,6.51556712689825,6.61566053164658,7.39815865241285,7.46600119045577,7.80265455806005,7,11.6949152542373
5.79404545268752,6.48030175140092,6.59251204046563,7.39268187823979,7.46086458194951,7.80021930323692,7,12.2033898305085
5.78306544386105,6.46373973575674,6.57181367927557,7.38432281645081,7.46503953938108,7.8064888542225,7,12.7118644067797
5.76993851844796,6.45828084271135,6.55444080469238,7.38010725582814,7.45880401393585,7.79098064215226,7,13.2203389830508
5.62764326663039,6.44197862716156,6.52045750599689,7.35518496088542,7.44731317324424,7.77070970357349,7,13.728813559322
5.56768887417295,6.39771367061843,6.49107605103954,7.34567516360106,7.46775033447266,7.76866879326735,7,14.2372881355932
5.56682867736228,6.38325452834775,6.46606137385026,7.35279041094317,7.42972131623424,7.80735699037113,7,14.7457627118644
5.53825668516051,6.31364339547572,6.4429087419525,7.3527203326652,7.43100713740416,7.77959143511888,7,15.2542372881356
5.42470247434203,6.29702337301391,6.41900132202775,7.33371160905337,7.42000821701769,7.80558384774314,7,15.7627118644068
5.39836446949855,6.24016383596798,6.36720051207949,7.33272200071203,7.4038041907303,7.76303661970944,7,16.271186440678
5.40520114782352,6.22442292099069,6.35146747931494,7.32114602200657,7.39800081620693,7.77214307336044,7,16.7796610169492
5.26494821552045,6.19977574522819,6.33199018323763,7.30908421651492,7.38875233602008,7.82500715902505,7,17.2881355932203
5.20620882764115,6.14812594620302,6.30056004144976,7.32106042101255,7.40070892793374,7.76346372501197,7,17.7966101694915
5.1128819477984,6.10170847531785,6.27491303916569,7.30296112104389,7.36435142350324,7.83932023206363,7,18.3050847457627
5.00116836408507,6.08450569543848,6.24369765627115,7.29868846310907,7.37489563006042,7.79183167495826,7,18.8135593220339
4.93947683225593,6.02052646360903,6.21783853513268,7.28640389537343,7.36623102135873,7.77707884771547,7,19.3220338983051
4.90190911522452,5.96560901049068,6.19067576772297,7.27245915243628,7.35171880699957,7.81007680530611,7,19.8305084745763
4.83035356550747,5.96810725210723,6.1616723097911,7.26643095414231,7.34885131127409,7.75371981070518,7,20.3389830508475
4.72843378241751,5.89823875893192,6.1286814419561,7.25813498839675,7.33564573364898,7.75434513547226,7,20.8474576271186
4.67727107698582,5.87688751271498,6.10464808238166,7.25732604674527,7.34634620617718,7.7051378012972,7,21.3559322033898
4.60721171295377,5.85227382435907,6.09152871785521,7.23951859580667,7.31118755241782,7.69737785291807,7,21.864406779661
4.6213789507511,5.7932526986004,6.03488039918039,7.24139169089909,7.29482917844464,7.68099855283684,7,22.3728813559322
4.54648528894395,5.79790125997716,6.01221165576737,7.21054324236486,7.29677433232484,7.70027800811093,7,22.8813559322034
4.4289816280081,5.75627132558019,5.9670911263667,7.21129470656309,7.28289562224106,7.69957351964394,7,23.3898305084746
4.52580956642454,5.69932379136748,5.92707365822752,7.20519576749929,7.25919554607199,7.73761177587891,7,23.8983050847458
4.35862039403993,5.65591252753116,5.91050934208409,7.19938080723382,7.27462584316319,7.710936696714,7,24.4067796610169
4.19205911427164,5.63696231851909,5.87068834690621,7.17782642243797,7.25496621375026,7.75312754819674,7,24.9152542372881
4.09330065986912,5.5785680383339,5.85803709954097,7.1564649587071,7.2416444426162,7.68877147296292,7,25.4237288135593
3.91057955283595,5.52450574757592,5.79460407740249,7.1627641674723,7.23479275533246,7.76182569294649,7,25.9322033898305
3.69892154502239,5.44294956258121,5.75039379589171,7.16641084982097,7.23053812221856,7.70047083811082,7,26.4406779661017
3.5818523550313,5.43425908577221,5.72338282151967,7.13738670415853,7.20626747779567,7.6714310683793,7,26.9491525423729
3.44866087203787,5.42476516262886,5.71502938529489,7.13524898476375,7.22089286016251,7.66947812208169,7,27.4576271186441
3.31687553751437,5.37070042569426,5.66493380372175,7.1385794538902,7.20110544837962,7.73912870129502,7,27.9661016949153
3.37078694700918,5.3350755855006,5.62776670454955,7.12971172172128,7.19645343094989,7.6122442553081,7,28.4745762711864
3.40495468731,5.26155192464528,5.58373068936753,7.1176222873082,7.18570874761077,7.69564442010576,7,28.9830508474576
3.31287137463252,5.2834086876537,5.55037467652865,7.1017530443178,7.17000838261237,7.59838795962431,7,29.4915254237288
3.27555952061471,5.17845797272039,5.50740837139535,7.08397159082678,7.17647897284259,7.68703325888161,7,30
0.255636341978105,0.685415588543061,0.888512297389627,2.70764402781757,3.09896595603209,4.00017680807202,8,0
0.640044403505528,1.98536142573435,2.15941540737868,5.37334150322982,5.44604347175643,5.67361786004225,8,0.508474576271186
3.8031711501366,4.88378098861202,5.03545427339479,5.97977339182479,6.04045409732167,6.25828283131499,8,1.01694915254237
4.76469904167928,5.44256475542355,5.54487380250855,6.27043032478372,6.32871008275461,6.514713458154,8,1.52542372881356
5.28162020977885,5.67140276536111,5.77282556650247,6.45482333636802,6.50933887227528,6.72602393161096,8,2.03389830508475
5.46063079322157,5.78910356374436,5.89161695200266,6.56336821906423,6.61599436110244,6.78513461802082,8,2.54237288135593
5.5553534804353,5.90633564346096,5.98977230304315,6.65337570333299,6.72117650189847,6.95824890732708,8,3.05084745762712
5.6538430483482,5.96009441014242,6.03309121310089,6.68449946138121,6.75997148732952,6.90045712870001,8,3.5593220338983
5.65609905643479,5.99807391781333,6.0469304389497,6.72490352811192,6.798056889388,6.9844623462733,8,4.06779661016949
5.68023407414828,6.00522768755927,6.06594134545877,6.75605398820275,6.81061968850487,6.99374201625951,8,4.57627118644068
5.64196075115327,5.99754141521107,6.07969411796302,6.78124915002007,6.83416790276897,7.01564487816839,8,5.08474576271186
5.71013038183489,5.97096024235652,6.05540102969538,6.77589341677851,6.83738889787469,7.06239174800861,8,5.59322033898305
5.66235543956053,5.97992383948285,6.05951952712075,6.79766002466067,6.85545274937259,7.06218534281711,8,6.10169491525424
5.59427669623901,5.93830077657005,6.04776507622272,6.79221323337232,6.84784812396885,7.09088471902339,8,6.61016949152542
5.60197840041291,5.93788597576499,6.03747431791502,6.7945561095392,6.83756428959652,7.05367366434908,8,7.11864406779661
5.39846119057291,5.9009772925425,6.00838605758971,6.79344381791029,6.84636999874608,7.06322744761338,8,7.6271186440678
5.31011603953311,5.8945956677387,5.99056368812711,6.77264512240975,6.84558237146332,7.10313999993811,8,8.13559322033898
5.32845734470764,5.85854297298301,5.96515595726371,6.78387901212488,6.86291809955337,7.09695514974156,8,8.64406779661017
5.26254972812597,5.82921298560425,5.9334734244873,6.77545880307894,6.82029658324107,7.10510668453064,8,9.15254237288136
5.05448397563577,5.79465926778637,5.89860194201634,6.75669477383655,6.83089726617238,7.11654555736229,8,9.66101694915254
4.99749660737317,5.76066685627833,5.88500218722582,6.75762696440166,6.81056742330981,7.05729376294413,8,10.1694915254237
4.92605128788725,5.71179903452507,5.87408954143584,6.74222321520236,6.79957996187854,7.0839532043497,8,10.6779661016949
4.91217817566906,5.68973058114058,5.82806351630244,6.73175846328272,6.78851982379061,7.06804892402444,8,11.1864406779661
4.80816271573113,5.64255125304097,5.80239761806278,6.71258016207507,6.79271302520025,7.06429616575965,8,11.6949152542373
4.68059310979812,5.63499167210493,5.78366572757714,6.71851027469346,6.78554952400887,7.06479267074416,8,12.2033898305085
4.62931699556535,5.60459519740704,5.73128572301762,6.69547459747318,6.75570872485256,7.02947399842914,8,12.7118644067797
4.50677699444752,5.56337327854798,5.70155449830459,6.67722147288427,6.74299872090678,7.06037090331941,8,13.2203389830508
4.44394976675168,5.49775959564567,5.6470300205124,6.68016763965498,6.74383171852536,7.02077122172976,8,13.728813559322
4.3485364306345,5.46741863752478,5.64430115120344,6.67367846885833,6.72848674549471,7.05477627774755,8,14.2372881355932
4.16362274638023,5.44574980146704,5.6166332257137,6.64581914089942,6.71404847705655,7.01999307921952,8,14.7457627118644
4.03108612373382,5.39638176917862,5.57445916575454,6.64572580607398,6.70806108788325,7.01003915590123,8,15.2542372881356
3.93210502722606,5.40673929500819,5.52877256265421,6.62765561614759,6.6792531500083,7.06865536113068,8,15.7627118644068
3.80976549712453,5.30377961430117,5.49477019253109,6.62056404559169,6.68651342915449,7.02489341858288,8,16.271186440678
3.68997980285041,5.27392384988873,5.45617130797946,6.61165585842906,6.6748912789319,6.99233111585033,8,16.7796610169492
3.66769370511753,5.23859351136013,5.4242721803708,6.59315458888821,6.67140916561123,7.00781168696343,8,17.2881355932203
3.44868861636659,5.18917265235592,5.39425439389815,6.57395519083583,6.65083367842987,6.99743986237521,8,17.7966101694915
3.31134728517169,5.14230124732693,5.34642502373739,6.57183900791187,6.63711346534288,6.99747425511885,8,18.3050847457627
3.31598379401405,5.10134098095006,5.31953271323114,6.55757934907756,6.62563815818454,6.98658420239229,8,18.8135593220339
3.1676835960878,5.0587073062651,5.32278768198928,6.55025695728804,6.6170416887431,6.9674335458434,8,19.3220338983051
3.07920421943309,5.02702176378378,5.27576910593927,6.52281774279831,6.60383096120378,6.98523668388139,8,19.8305084745763
3.02960130644776,4.9977569876935,5.20574140456603,6.53730105255371,6.60003721420173,6.97886686631721,8,20.3389830508475
2.9088385620558,4.94986234319742,5.21074973114345,6.51485020869644,6.58782683259865,6.93247215021672,8,20.8474576271186
3.03063491103955,4.94487020998469,5.1621945819316,6.50498432414377,6.596107405489,6.97114738470297,8,21.3559322033898
3.06720265983992,4.8772083346158,5.130076336602,6.49326170926033,6.58568238831132,6.94990159773812,8,21.864406779661
2.83592702799548,4.82359438209632,5.10358535678723,6.49083752271625,6.56121159658523,6.94142519365199,8,22.3728813559322
2.82226224822641,4.78643496005735,5.04497692725951,6.47791884131571,6.55870530864897,6.91046691538824,8,22.8813559322034
2.70842307114126,4.74519911258375,5.02441412037044,6.44671404605862,6.5749286843816,6.93765164450272,8,23.3898305084746
2.58193735190009,4.71038213964276,4.99314826850016,6.43822021989822,6.5451544438256,6.91809364856372,8,23.8983050847458
2.56740052734959,4.66069467582258,4.93182494046913,6.44365920392506,6.53536163649981,6.90913368294585,8,24.4067796610169
2.39499074822886,4.6154399696416,4.92659158371421,6.4201586252006,6.5205530141575,6.92699279120859,8,24.9152542372881
2.41401193841293,4.56574306888228,4.88543920149491,6.40122779249167,6.52765184344576,6.94640652728511,8,25.4237288135593
2.49304037311021,4.5445920868211,4.87009650471422,6.40946319618901,6.51759654900719,6.95952030203327,8,25.9322033898305
2.38555581651914,4.51514548741606,4.81313348028244,6.39836209785376,6.49343643278791,6.92057910567164,8,26.4406779661017
2.39716837956247,4.41044128125127,4.79368991779169,6.38416031753703,6.48681561002977,6.87533350284479,8,26.9491525423729
2.11627263462555,4.42592457978212,4.76953449630324,6.38539710655827,6.47409440039746,6.95775873959189,8,27.4576271186441
2.25700397167432,4.40638065753674,4.71381950387558,6.37125582707729,6.49076412805919,6.86448405217239,8,27.9661016949153
2.15474054079593,4.29662633598078,4.66815115441453,6.36039458027405,6.49438689248923,6.84807516239879,8,28.4745762711864
2.20125145739885,4.24799322969723,4.65905546532583,6.34550272370467,6.47645424801865,6.848205010355,8,28.9830508474576
2.14191686908814,4.23690176458147,4.61358629859932,6.3401470884753,6.47139514751818,6.86499992176955,8,29.4915254237288
2.11176053431781,4.16289785545934,4.5498150522622,6.31601402025976,6.46045785351676,6.85262718961058,8,30
0.374890154345189,0.991347800875502,1.19343793211347,3.96059851490723,4.20261160977087,4.79044207442852,9,0
1.88830004007822,4.14084431296005,4.46505468424516,5.59614019043816,5.67802697679802,6.11764087185805,9,0.508474576271186
4.75640621865151,5.32077207794215,5.41545589383582,6.11230502230653,6.18646360613858,6.38371074389194,9,1.01694915254237
5.39393755441487,5.66712927122018,5.7365730515671,6.36719518702681,6.44209178886937,6.57986363797882,9,1.52542372881356
5.63877810074051,5.84711621131284,5.90775627940994,6.53520609700451,6.5917643892192,6.79259774786781,9,2.03389830508475
5.49339243881927,5.92193173960656,6.00036070995848,6.62509117820494,6.66890181598417,6.91779453337043,9,2.54237288135593
5.47674324918867,5.99927461027249,6.0470562719143,6.68952404707424,6.7628060670335,6.9806716216157,9,3.05084745762712
5.42557942073676,6.0265253043103,6.08908243024181,6.72944050446932,6.78984005056737,7.02570419093939,9,3.5593220338983
5.37971854063984,6.03054621238581,6.0881241279588,6.75303790268434,6.82166966261847,7.02806997075929,9,4.06779661016949
5.38386183123762,6.0234719132431,6.09330322860638,6.7796882325608,6.84796235725573,7.09295540688806,9,4.57627118644068
5.33746613977871,5.99241114550207,6.09665813579913,6.7675247175106,6.8516354678613,7.12991195122018,9,5.08474576271186
5.29216711888007,5.98543970629629,6.07310175606427,6.77654353094562,6.86133891672781,7.11540328177996,9,5.59322033898305
5.29274997760287,5.9681172292985,6.06104463990678,6.77773068254353,6.8521718063921,7.10764973704977,9,6.10169491525424
5.28870898634977,5.95369226806512,6.02949297270891,6.76288386659775,6.84040819697271,7.08822285080207,9,6.61016949152542
5.05022660358657,5.91317898123142,5.99724693505602,6.77037246324963,6.85385184353393,7.09224999051595,9,7.11864406779661
5.1012171633839,5.89222384304669,5.98182898657133,6.75221203781614,6.85035211784631,7.07610319802062,9,7.6271186440678
4.8410065526364,5.84906373900345,5.96692190404763,6.75689431864224,6.80303436019641,7.02555686898396,9,8.13559322033898
4.61756600566381,5.84350996821479,5.93150895256329,6.75459416957989,6.81879255136598,7.07748359885201,9,8.64406779661017
4.78326945446186,5.80850432612458,5.88934379774157,6.74070197519089,6.80815615313876,7.05957996593296,9,9.15254237288136
4.86034923681176,5.78469532690086,5.86603442312696,6.72336200886767,6.79747566568222,7.03480910501013,9,9.66101694915254
4.72075518383326,5.74709769252349,5.85595477405122,6.70187237736119,6.77313668031877,7.00669927079561,9,10.1694915254237
4.58551293142595,5.6912975506281,5.80691105964734,6.69613445770136,6.75625695266241,6.99567491395672,9,10.6779661016949
4.45895919037348,5.65658438859548,5.76053517648242,6.68353683494328,6.76462168498666,6.96519682295584,9,11.1864406779661
4.59126693258848,5.60244967853846,5.72847562219306,6.67779614800895,6.74004172093931,6.98080705332797,9,11.6949152542373
4.44356337290404,5.58841462259825,5.71132530979377,6.64452441437429,6.72412600927045,6.9686729610073,9,12.2033898305085
4.27278578952213,5.53400589934754,5.66524509939832,6.6290356956619,6.71169593665853,6.95262899967861,9,12.7118644067797
4.22003195649956,5.4917708157363,5.62372258614055,6.63352537753372,6.69762263671812,6.93564460376575,9,13.2203389830508
4.26720254358458,5.44023384435057,5.58003359589489,6.62122954633497,6.68632684348303,6.93093408360235,9,13.728813559322
4.16478763018573,5.43117866083118,5.55785816522407,6.59100138435512,6.6660460824464,6.99063529443037,9,14.2372881355932
4.03870360802613,5.39155851255336,5.51967367146209,6.58600629282217,6.66585072223781,6.94613581556894,9,14.7457627118644
4.08768212295265,5.30430185675979,5.46057472530861,6.56260590294653,6.64252598901996,6.96213850714739,9,15.2542372881356
3.98110566638452,5.31578673323357,5.44439915565085,6.56459506783684,6.62982764194417,6.96157617637863,9,15.7627118644068
3.90398978692854,5.26633823772074,5.40219128056031,6.54023316550772,6.62488145941732,6.97436419313131,9,16.271186440678
3.68704172963567,5.18426838046454,5.37174570224121,6.53429616568201,6.63162131451272,6.98433662891651,9,16.7796610169492
3.71151701705382,5.18052638486317,5.31746541882406,6.5141578825658,6.60972127621517,6.96861253841104,9,17.2881355932203
3.59917340181165,5.10619309368922,5.2815973263405,6.50566599789194,6.5845140640324,6.99650185626721,9,17.7966101694915
3.56285145556295,5.07580561094026,5.26192162664119,6.50620208801704,6.58714772893491,6.9662542872323,9,18.3050847457627
3.46038389370187,5.05318153170768,5.2156570932477,6.47695359836756,6.56066913182178,6.96742075057051,9,18.8135593220339
3.25179762035974,4.98749528127465,5.16595796300312,6.4648586041564,6.56891310549915,7.01729332236255,9,19.3220338983051
3.45021334999485,4.93873712595442,5.10837062930618,6.46332242877655,6.53747053904426,6.94881635985603,9,19.8305084745763
3.22137095189171,4.90422189245916,5.07996760912621,6.44557497134183,6.53833050837338,6.9642315313252,9,20.3389830508475
3.06815070680176,4.82135739470402,5.04469103714371,6.44369211980824,6.5203579476901,6.92402442846735,9,20.8474576271186
2.97688715917113,4.77665114255797,5.00492502095886,6.42906025193843,6.51662806507391,6.92785191682646,9,21.3559322033898
2.925799571784,4.72128873331879,4.96155454113609,6.40964841196056,6.49415987611749,6.96349880849408,9,21.864406779661
2.85058637133254,4.69413793211323,4.94398813722859,6.41127536660364,6.49073786627981,6.96091230207322,9,22.3728813559322
2.91089992743646,4.63278780018264,4.91486543961481,6.38972458707042,6.46730264847872,6.96271148183375,9,22.8813559322034
2.69782481442358,4.58497441549899,4.87114271461945,6.3634443294185,6.4613003887482,6.92185050565997,9,23.3898305084746
2.75976557674086,4.53269961684236,4.7967469823644,6.35445955491971,6.43876961438139,6.92822113514977,9,23.8983050847458
2.75626300201799,4.43542931494167,4.77827654583985,6.36449021124916,6.42267994348878,6.93797714012721,9,24.4067796610169
2.68676476381259,4.42562429830217,4.76646397190233,6.34494342619975,6.41823311470756,6.9453631837821,9,24.9152542372881
2.75550380143944,4.36405319579609,4.70657647761175,6.34325808082374,6.41609964194367,6.91255824506607,9,25.4237288135593
2.591234106855,4.35121252269191,4.67536227493622,6.3290837225725,6.39699826246327,6.87487459884319,9,25.9322033898305
2.45083115951775,4.29059065189191,4.63449048195051,6.31870083850641,6.37748590073325,6.90431590044031,9,26.4406779661017
2.12892327839354,4.21112377025707,4.58915345454901,6.30277662425405,6.38468458612833,6.92937829349686,9,26.9491525423729
2.01018197422971,4.17812213857474,4.5666046618517,6.28205770432022,6.35208726953105,6.90283687385529,9,27.4576271186441
2.13470091813016,4.07661586522291,4.54122606670516,6.28283649395551,6.35251712055263,6.84593219561694,9,27.9661016949153
2.12717550093164,4.01692711723636,4.5133872539471,6.25795866510145,6.33013630787686,6.87758537009776,9,28.4745762711864
1.82743163749985,4.00141099079317,4.45248728143043,6.25007012802754,6.32430905920142,6.89786572933731,9,28.9830508474576
2.03160095484944,3.93850836744918,4.4416550889614,6.25316642592175,6.32068725935509,6.87370211571937,9,29.4915254237288
2.22721691458228,3.92068487756608,4.39376455670691,6.22653819650273,6.32009139248801,6.87181854577884,9,30
0.561851989488902,0.919591199931621,1.08909991765089,3.82437465156143,4.04719231167551,4.77339484279421,10,0
1.29409269756709,3.60809903878033,4.25364334788881,5.69962788930222,5.77912171418117,6.10162033820661,10,0.508474576271186
4.5071680707793,5.48488752227835,5.551141570704,6.27241370524919,6.32059734164684,6.53875335996127,10,1.01694915254237
5.58869752282733,5.84979201896042,5.92362578263599,6.56726641094855,6.61627686995459,6.83225445534623,10,1.52542372881356
5.65905007485558,6.06960851161315,6.13660946636687,6.72832255217645,6.78914145039088,7.00032967056273,10,2.03389830508475
5.9391975614599,6.19110107629006,6.25695750816887,6.85021566748238,6.91666025808427,7.08256494381082,10,2.54237288135593
5.89996987309838,6.28687120514777,6.34971316696215,6.94135534472498,6.99421772950457,7.14656352345791,10,3.05084745762712
6.08723353148823,6.34204982620878,6.39566686218042,7.01261152962397,7.05671384601742,7.20298035683558,10,3.5593220338983
5.9943270551353,6.37177896260292,6.43980611113224,7.05516467877708,7.10932823663233,7.27623018190823,10,4.06779661016949
6.05026858535497,6.39585896542926,6.45478048389328,7.08153116676039,7.1599809937311,7.30775417339769,10,4.57627118644068
6.05775075152467,6.39461748074305,6.46236777543498,7.10969253635606,7.16630267142876,7.30787148919845,10,5.08474576271186
6.11010851786618,6.37864391271117,6.4634353709271,7.13433880276178,7.1838663940927,7.40223994624208,10,5.59322033898305
6.06608622185357,6.38420981419279,6.45742893540978,7.13371430136637,7.18879228189101,7.3435886941492,10,6.10169491525424
6.03859600952314,6.38324383531716,6.45445436955962,7.14422538501155,7.19088679197742,7.3816745994676,10,6.61016949152542
6.01684095989358,6.37478599596567,6.43671488117463,7.14336846502928,7.20180874715331,7.43189895293636,10,7.11864406779661
5.95729072660412,6.34905819645814,6.42039134182437,7.15426671197948,7.22147531976761,7.399753860381,10,7.6271186440678
5.90344488624996,6.33005939823136,6.41076227387657,7.14096685746684,7.22347746469915,7.47796856117862,10,8.13559322033898
5.8611287566517,6.31402137391965,6.39094598498929,7.14991435949196,7.21691922073332,7.40376401300349,10,8.64406779661017
5.90027577826584,6.29531327498089,6.37666458094484,7.13894403261914,7.20491414919827,7.47682456362577,10,9.15254237288136
5.84439785004961,6.27963743889796,6.35329921073694,7.13816078446373,7.21946502763268,7.41151873490617,10,9.66101694915254
5.7693567175505,6.26629599247368,6.34894472412003,7.13254457437416,7.21197295693111,7.51812801491847,10,10.1694915254237
5.76639609668829,6.2197016160346,6.3183855013815,7.12362564468005,7.20589684912781,7.40954580277937,10,10.6779661016949
5.7248179679274,6.18874631103946,6.30013758993024,7.11724053143612,7.18442553233754,7.47584251446424,10,11.1864406779661
5.65604256103176,6.173405016411,6.28409836158801,7.10865975989135,7.17212800164042,7.41639377056222,10,11.6949152542373
5.62055366660589,6.1450766598177,6.2728554330903,7.10014845792951,7.15722782429077,7.49579067670365,10,12.2033898305085
5.59713020800148,6.116667359359,6.24413071872701,7.09862735986436,7.16183339414129,7.45210034664895,10,12.7118644067797
5.54257006578004,6.08641123442272,6.21652123792512,7.09141811190678,7.17961037289528,7.48100285427333,10,13.2203389830508
5.50842835449021,6.05555067477878,6.20407403576611,7.06613763875283,7.1514372443109,7.49435566324468,10,13.728813559322
5.50857835997467,6.02700565892748,6.16476493150552,7.0485130313793,7.14908866047254,7.53309350126977,10,14.2372881355932
5.50967082796426,5.99491317321985,6.16057412709552,7.04159007697944,7.14875705512144,7.4264408447919,10,14.7457627118644
5.40930866036982,5.99999345277948,6.1374492198608,7.04453927341829,7.13495426656052,7.43292539938011,10,15.2542372881356
5.4329362867428,5.95966653729982,6.1167865011838,7.0198619381493,7.12366469698744,7.41673447168867,10,15.7627118644068
5.3464988826573,5.92140269568558,6.09892975004989,7.02784201647034,7.10549974218145,7.40427241355107,10,16.271186440678
5.35570211731458,5.88676197877461,6.07457104661838,7.03092971502819,7.0994954067682,7.44118824354917,10,16.7796610169492
5.22407092382718,5.88980809632273,6.05013779734845,6.99167916592552,7.09801124748113,7.42210320410076,10,17.2881355932203
5.29766686410107,5.84590895592589,6.00335631292408,6.97760945965076,7.09154140535998,7.44027520901725,10,17.7966101694915
5.18723032103512,5.81380786906,6.00185088297473,6.99705183375509,7.07130764184094,7.44257048863793,10,18.3050847457627
5.16884817032888,5.80673701603229,5.96949478361742,6.9768420266301,7.06110011330718,7.428084918586,10,18.8135593220339
5.12960829930577,5.77458537309084,5.96301218529305,6.96076780637002,7.04551380942181,7.45308287859551,10,19.3220338983051
5.10101779434958,5.74575782338798,5.95130735512327,6.94352549937915,7.04983023675842,7.44952018088251,10,19.8305084745763
5.09541998874842,5.72072420785534,5.91341097969862,6.94126189307832,7.03467303404825,7.49923605123043,10,20.3389830508475
5.03823451063777,5.70427785348484,5.89835231472716,6.91224981413083,7.02728262934457,7.38589509299237,10,20.8474576271186
4.96726653729731,5.66693054383873,5.87041903886605,6.92786365264657,7.01265010017588,7.29965282449267,10,21.3559322033898
4.88329438064871,5.65096604900585,5.82212617561282,6.91618867067581,6.98250303792585,7.32496519675259,10,21.864406779661
4.8307509419217,5.62600298427426,5.80613894836585,6.89892900984625,7.00764472690054,7.28503347717372,10,22.3728813559322
4.8449050531009,5.54184378468747,5.78819845137762,6.88888602780159,6.97828015833888,7.29781892565607,10,22.8813559322034
4.70698983689198,5.58503612653719,5.75529065899817,6.88354416898276,6.96838925875005,7.30440205039055,10,23.3898305084746
4.67851633624994,5.53836917356376,5.71787591312412,6.87577800609697,6.95577151135666,7.28308743545277,10,23.8983050847458
4.56338146141263,5.4810672772396,5.72680357499939,6.8713869251924,6.94882324124699,7.27757898095458,10,24.4067796610169
4.43406023058875,5.47427028782607,5.69224053368078,6.8464484299685,6.95659768063717,7.27673466374736,10,24.9152542372881
4.4401556429333,5.46909776279124,5.67145984264169,6.83853444589943,6.93570244053485,7.26249336679644,10,25.4237288135593
4.35168995013845,5.41045714801022,5.64994709073453,6.83289269482284,6.92006610442565,7.25162916387726,10,25.9322033898305
4.27575861186487,5.37569490771143,5.61538522427229,6.82495704071327,6.91682728751935,7.22380201342716,10,26.4406779661017
4.2074352847441,5.35452717460361,5.56421011906244,6.83010404173623,6.90479221227648,7.24609703037831,10,26.9491525423729
4.15202916636978,5.34026606755929,5.54180748509366,6.81428872145038,6.91414117119234,7.2672942338986,10,27.4576271186441
4.21011677139749,5.26358211670434,5.49760681275646,6.80413610032345,6.89931007475197,7.25380675238386,10,27.9661016949153
4.09051574841584,5.23877867397323,5.46996401663576,6.78821066446157,6.87729938867637,7.22544379571708,10,28.4745762711864
4.05128822494599,5.22347893643898,5.46220355704863,6.78463763056525,6.88247780614466,7.23120170492736,10,28.9830508474576
3.90043155241668,5.20505336574748,5.41432752606846,6.7836659805317,6.86085965521098,7.22939841465109,10,29.4915254237288
3.84738422151329,5.15986438713034,5.39429242000822,6.76802571498377,6.86121294684757,7.20549183256796,10,30
