time,obs,obs_id,id
0,2.20891646584084,1,1
0.5,5.69582264738434,1,1
1,5.90718149144462,1,1
1.5,6.22899710735517,1,1
2,6.21113382181908,1,1
2.5,6.77465340711796,1,1
3,6.12552890337596,1,1
3.5,6.56925270930715,1,1
4,6.62151825242542,1,1
4.5,6.68554988880973,1,1
5,6.21572469520327,1,1
5.5,6.80509349001182,1,1
6,6.4048417500694,1,1
6.5,6.63042953931589,1,1
7,6.44615145989179,1,1
7.5,6.39955662081676,1,1
8,6.32251575421667,1,1
8.5,6.39047849382688,1,1
9,6.08714873419185,1,1
9.5,6.61620845979197,1,1
10,6.29885906053132,1,1
10.5,6.03801626167807,1,1
11,6.59435168937798,1,1
11.5,6.44993388614888,1,1
12,6.00791556331019,1,1
12.5,6.45305447390999,1,1
13,6.13183146877205,1,1
13.5,5.87123953682637,1,1
14,6.13442501800312,1,1
14.5,5.95188898962046,1,1
15,6.10216582754457,1,1
15.5,5.98384697938814,1,1
16,6.14122775633786,1,1
16.5,5.94017402049489,1,1
17,6.13472671156789,1,1
17.5,6.00101087250439,1,1
18,6.08149825137916,1,1
18.5,5.71851746898931,1,1
19,5.79409554581395,1,1
19.5,6.01485519443038,1,1
20,5.80031725755229,1,1
20.5,5.62892731876858,1,1
21,6.01409547685559,1,1
21.5,5.96309975725029,1,1
22,5.51258726354945,1,1
22.5,5.50318822652668,1,1
23,5.87989627306603,1,1
23.5,5.34555021725916,1,1
24,5.55401344924072,1,1
24.5,5.81249852445923,1,1
25,5.58246734210646,1,1
25.5,5.44405054389367,1,1
26,5.39155258661927,1,1
26.5,5.16799238635835,1,1
27,5.33723761258529,1,1
27.5,5.17767753544815,1,1
28,5.32231670006891,1,1
28.5,5.21352316366874,1,1
29,5.15052038999724,1,1
29.5,5.32551146972064,1,1
30,4.91122013829255,1,1
0,2.54440261860983,1,2
0.5,5.45345007584632,1,2
1,5.78648208350689,1,2
1.5,6.24728103548712,1,2
2,6.33109126680194,1,2
2.5,6.81614409079638,1,2
3,6.39167379457574,1,2
3.5,6.40556158950052,1,2
4,6.62118094110871,1,2
4.5,6.69575746104888,1,2
5,6.25277723597946,1,2
5.5,6.7559124548339,1,2
6,6.90604701630271,1,2
6.5,6.79541767734192,1,2
7,6.90621904721158,1,2
7.5,6.83341983053235,1,2
8,6.94902996549909,1,2
8.5,6.70163702887677,1,2
9,6.9608294991512,1,2
9.5,6.68438077066338,1,2
10,6.60666841116472,1,2
10.5,6.75665579504529,1,2
11,6.99578682697217,1,2
11.5,6.9267688360529,1,2
12,6.46175253360251,1,2
12.5,6.902160536562,1,2
13,6.35796420204201,1,2
13.5,6.51775389888085,1,2
14,6.4680182704263,1,2
14.5,6.61720715184169,1,2
15,6.57390029621337,1,2
15.5,6.67277172972511,1,2
16,6.2811409158041,1,2
16.5,6.43401610228795,1,2
17,6.38517220693616,1,2
17.5,6.43491733333669,1,2
18,6.49414224519964,1,2
18.5,6.46871658315503,1,2
19,6.5565376090394,1,2
19.5,6.52729132326907,1,2
20,6.16722294595563,1,2
20.5,6.35710669332472,1,2
21,6.23691811295486,1,2
21.5,6.32531434450482,1,2
22,6.23963369543971,1,2
22.5,6.17299152257923,1,2
23,6.39730122138449,1,2
23.5,6.21110692132085,1,2
24,6.1974999746083,1,2
24.5,6.12302344283467,1,2
25,6.3243514524177,1,2
25.5,5.86207151187909,1,2
26,6.21413048275017,1,2
26.5,5.70069868127699,1,2
27,6.23817823220283,1,2
27.5,5.31116666687464,1,2
28,5.82070805979177,1,2
28.5,5.81395639234119,1,2
29,5.56231797708965,1,2
29.5,6.12298018477488,1,2
30,6.21221811353122,1,2
0,2.03721107293218,1,3
0.5,5.38467735004688,1,3
1,5.72592450602027,1,3
1.5,6.48976333810386,1,3
2,6.66214714428862,1,3
2.5,6.28205005970437,1,3
3,6.74215299204903,1,3
3.5,6.72095927327638,1,3
4,7.02447798809183,1,3
4.5,6.90989595064314,1,3
5,7.05856887951269,1,3
5.5,6.87626617764699,1,3
6,6.56107119307213,1,3
6.5,7.11922674419473,1,3
7,7.05652355575086,1,3
7.5,6.93116660803603,1,3
8,6.98931283813447,1,3
8.5,6.95920838775799,1,3
9,6.56514181118844,1,3
9.5,6.75142731744634,1,3
10,6.70457149899014,1,3
10.5,6.57310098315961,1,3
11,6.79170951971875,1,3
11.5,6.46811796912755,1,3
12,6.83455273492391,1,3
12.5,6.21883826751992,1,3
13,6.6901033256988,1,3
13.5,6.4978085274669,1,3
14,6.9072113032967,1,3
14.5,6.35396253486067,1,3
15,6.63518441238357,1,3
15.5,6.457780784295,1,3
16,6.65483220368528,1,3
16.5,6.16482084427028,1,3
17,6.15160204758222,1,3
17.5,5.85175161507362,1,3
18,6.40091766507095,1,3
18.5,5.94105545477736,1,3
19,5.94176146238054,1,3
19.5,6.60400561973831,1,3
20,6.0219466789138,1,3
20.5,5.69889667129837,1,3
21,5.83650360925549,1,3
21.5,5.6214885200978,1,3
22,5.83504464408261,1,3
22.5,5.99265492297942,1,3
23,5.94934530252584,1,3
23.5,5.5348933761746,1,3
24,5.46075828112046,1,3
24.5,5.98452506240116,1,3
25,5.41155601570889,1,3
25.5,5.699527570754,1,3
26,6.16802983479186,1,3
26.5,5.86768513532562,1,3
27,5.74086170541393,1,3
27.5,5.9516378751942,1,3
28,5.4968108094879,1,3
28.5,5.03392786070529,1,3
29,5.39544749862724,1,3
29.5,5.25347865555928,1,3
30,5.49607813497417,1,3
0,2.10051443513743,1,4
0.5,5.21318414095136,1,4
1,5.93996096953267,1,4
1.5,6.28051470550083,1,4
2,6.76640574663493,1,4
2.5,6.60023079866357,1,4
3,6.96349470486687,1,4
3.5,6.73930592378352,1,4
4,7.01748147777374,1,4
4.5,6.67116153393642,1,4
5,6.80680474538852,1,4
5.5,6.98106661856506,1,4
6,7.33053875712827,1,4
6.5,6.51486417188754,1,4
7,6.89809906874839,1,4
7.5,6.96083520462062,1,4
8,6.76069859281934,1,4
8.5,6.63462172576089,1,4
9,6.7094996387962,1,4
9.5,6.53698136391241,1,4
10,6.79515953162009,1,4
10.5,6.83755331376744,1,4
11,6.97697914153849,1,4
11.5,6.65536664633448,1,4
12,7.29895712551011,1,4
12.5,6.99508091165818,1,4
13,6.77702772621631,1,4
13.5,6.79491239699664,1,4
14,6.89631857356317,1,4
14.5,6.77522330506455,1,4
15,6.85347527687534,1,4
15.5,6.92422131200261,1,4
16,6.40839223952115,1,4
16.5,6.51902851199307,1,4
17,6.3849043015514,1,4
17.5,6.38730036219644,1,4
18,6.64168061625223,1,4
18.5,6.55175136353784,1,4
19,6.69980738334922,1,4
19.5,6.45103066962458,1,4
20,6.38060655893673,1,4
20.5,6.19565756196265,1,4
21,6.33012034480724,1,4
21.5,6.28815655709597,1,4
22,6.56292566429569,1,4
22.5,6.00041396244788,1,4
23,6.08637304634611,1,4
23.5,6.88837656185029,1,4
24,6.5146349748071,1,4
24.5,6.33615300421781,1,4
25,6.26723834322188,1,4
25.5,6.24450654702875,1,4
26,5.86107453643678,1,4
26.5,5.93430720609394,1,4
27,6.37057351058915,1,4
27.5,6.44056679309788,1,4
28,6.16387787319665,1,4
28.5,5.87999884349871,1,4
29,5.91862026863729,1,4
29.5,5.96415949756706,1,4
30,5.78411902221219,1,4
0,2.16417275682563,1,5
0.5,5.49644974892477,1,5
1,6.45214456532631,1,5
1.5,6.83717567786302,1,5
2,6.47890410795473,1,5
2.5,6.54587320983386,1,5
3,6.72654913847618,1,5
3.5,6.8002139109656,1,5
4,6.48038544483908,1,5
4.5,6.71794530370344,1,5
5,7.14733982981418,1,5
5.5,6.94278080406305,1,5
6,6.47272122851341,1,5
6.5,7.19873778764887,1,5
7,6.61848318178413,1,5
7.5,6.6276002015437,1,5
8,6.91345890285519,1,5
8.5,6.41791787459386,1,5
9,6.45407884421033,1,5
9.5,6.70993839926444,1,5
10,6.47876009932088,1,5
10.5,6.31611662575921,1,5
11,6.6437805429412,1,5
11.5,6.37153876164669,1,5
12,6.41181529497878,1,5
12.5,6.61307730602714,1,5
13,6.68725046165761,1,5
13.5,6.40616165916974,1,5
14,6.50048369970675,1,5
14.5,6.46889930136939,1,5
15,6.40914083597054,1,5
15.5,5.96965188375458,1,5
16,6.36310881612628,1,5
16.5,5.97739369999272,1,5
17,6.23034559939188,1,5
17.5,6.28124024779385,1,5
18,6.50457139256576,1,5
18.5,6.09212549460046,1,5
19,6.24780085468695,1,5
19.5,6.36305778049094,1,5
20,6.00183583042275,1,5
20.5,6.06479727536899,1,5
21,6.15553371397084,1,5
21.5,6.00977885856997,1,5
22,5.95895129850958,1,5
22.5,5.95407780392279,1,5
23,6.00560642659819,1,5
23.5,5.90884269867625,1,5
24,5.92745920095791,1,5
24.5,5.95062505484812,1,5
25,5.84823129682845,1,5
25.5,5.83346921932849,1,5
26,6.01161021796617,1,5
26.5,5.87630274565064,1,5
27,6.24316839707445,1,5
27.5,5.58742382236984,1,5
28,5.78469805291719,1,5
28.5,5.69642802428648,1,5
29,5.80604156619241,1,5
29.5,5.49796874827476,1,5
30,5.73112027745249,1,5
0,2.14505947760571,1,6
0.5,5.72798687088353,1,6
1,6.40015479528223,1,6
1.5,6.5218366407523,1,6
2,6.00058179801119,1,6
2.5,6.77896596509817,1,6
3,6.80579356897861,1,6
3.5,6.44448735602765,1,6
4,6.638334406603,1,6
4.5,6.58753071990629,1,6
5,7.01166262344265,1,6
5.5,6.83621045529611,1,6
6,6.68530865365438,1,6
6.5,6.26563086985735,1,6
7,6.69414563531711,1,6
7.5,6.57306094060353,1,6
8,6.85541944934508,1,6
8.5,6.61658521866865,1,6
9,6.19247291785241,1,6
9.5,6.74023425246939,1,6
10,6.45519441980323,1,6
10.5,6.08391175938813,1,6
11,6.37687280153995,1,6
11.5,6.40912079717984,1,6
12,6.14822274761264,1,6
12.5,6.44834878503933,1,6
13,6.06031386273013,1,6
13.5,6.25016711747532,1,6
14,6.24944395516149,1,6
14.5,6.13180324792468,1,6
15,6.25146253090211,1,6
15.5,6.14459420161638,1,6
16,6.17193716093597,1,6
16.5,5.96793080290326,1,6
17,5.86814098196717,1,6
17.5,5.73889949816428,1,6
18,6.25980905166501,1,6
18.5,5.96710063253106,1,6
19,5.92638061259273,1,6
19.5,6.09020502879695,1,6
20,5.53906398793371,1,6
20.5,5.76025633533641,1,6
21,5.0775855365884,1,6
21.5,5.66059029973628,1,6
22,5.49827294782115,1,6
22.5,5.60498623171291,1,6
23,5.53742001053043,1,6
23.5,5.63697258734973,1,6
24,5.35563080981947,1,6
24.5,5.36213620488386,1,6
25,5.52377623951283,1,6
25.5,5.59565432952147,1,6
26,5.51679965893567,1,6
26.5,5.01250454232885,1,6
27,5.23999949974608,1,6
27.5,5.50780250895138,1,6
28,5.22869968466099,1,6
28.5,5.24101098949165,1,6
29,5.13402289986043,1,6
29.5,5.05852504277073,1,6
30,5.45272195207709,1,6
0,2.17749285816946,1,7
0.5,6.17629797766065,1,7
1,6.41895463529559,1,7
1.5,6.92886497122407,1,7
2,7.02854292945101,1,7
2.5,6.82894186423534,1,7
3,6.83849471902502,1,7
3.5,6.78793872909352,1,7
4,7.04690808614511,1,7
4.5,7.17295635461434,1,7
5,6.82487507254354,1,7
5.5,6.85744688465911,1,7
6,6.74734835680391,1,7
6.5,7.01485505628509,1,7
7,6.84868821855176,1,7
7.5,6.82629310414762,1,7
8,6.98160016023009,1,7
8.5,6.80916322312459,1,7
9,6.89917754161873,1,7
9.5,6.67656466291941,1,7
10,6.71451508324538,1,7
10.5,6.91673439811541,1,7
11,6.46397729640785,1,7
11.5,6.69885060084785,1,7
12,6.45325520155526,1,7
12.5,6.50414443764844,1,7
13,6.51572381192689,1,7
13.5,6.40874829277077,1,7
14,6.34985925772362,1,7
14.5,6.23733688468843,1,7
15,6.5364938729029,1,7
15.5,6.39087227191781,1,7
16,6.24543135667549,1,7
16.5,6.45634211866681,1,7
17,6.77295807036754,1,7
17.5,6.37111651281821,1,7
18,6.54573407521758,1,7
18.5,6.42972390415762,1,7
19,6.29819106225641,1,7
19.5,6.37457947895732,1,7
20,6.28208121008243,1,7
20.5,6.2899701780884,1,7
21,6.26315667949465,1,7
21.5,6.46881543713144,1,7
22,6.39765133152606,1,7
22.5,6.46679604155441,1,7
23,6.4851248260442,1,7
23.5,6.340923287379,1,7
24,6.04135115791986,1,7
24.5,6.54222962207685,1,7
25,6.24609706622047,1,7
25.5,6.05072858262478,1,7
26,5.52773377877989,1,7
26.5,5.95960387812406,1,7
27,6.19331519721198,1,7
27.5,6.08538001014055,1,7
28,6.16719361424569,1,7
28.5,5.78015929466236,1,7
29,5.85625533851443,1,7
29.5,5.48508329721711,1,7
30,6.05913992005356,1,7
0,2.35941813012608,1,8
0.5,5.71055435161604,1,8
1,5.80930570809606,1,8
1.5,6.41624393909112,1,8
2,6.59285095534949,1,8
2.5,6.40299279736287,1,8
3,6.59105617960229,1,8
3.5,7.04907443131118,1,8
4,6.74640318005784,1,8
4.5,6.78120705514959,1,8
5,6.80558181358587,1,8
5.5,6.70339749068301,1,8
6,6.59772546781221,1,8
6.5,6.51913205542755,1,8
7,6.48334322624871,1,8
7.5,6.51139008292467,1,8
8,6.50674134706397,1,8
8.5,6.66209839848242,1,8
9,6.21986254302135,1,8
9.5,6.51871453324227,1,8
10,6.4400376477927,1,8
10.5,6.14416775660179,1,8
11,6.36509264152336,1,8
11.5,6.03267070424286,1,8
12,6.31110227947288,1,8
12.5,6.42499100310082,1,8
13,6.20533314984519,1,8
13.5,6.03510778442271,1,8
14,6.10413634638206,1,8
14.5,5.99598824451198,1,8
15,5.95863744689532,1,8
15.5,6.03796796773294,1,8
16,5.56254835553157,1,8
16.5,6.21970721742364,1,8
17,5.93638983995521,1,8
17.5,5.6035828335056,1,8
18,5.59453466627201,1,8
18.5,5.63466277276698,1,8
19,5.67752720789301,1,8
19.5,5.64677395762525,1,8
20,5.79673901129793,1,8
20.5,5.19366797525336,1,8
21,5.456773897389,1,8
21.5,5.45560585661287,1,8
22,5.60837446307314,1,8
22.5,5.39225410802735,1,8
23,5.265813252083,1,8
23.5,5.44015870147745,1,8
24,5.51076686582335,1,8
24.5,5.30031236420675,1,8
25,5.48157644717895,1,8
25.5,5.39743238285178,1,8
26,5.11724259282286,1,8
26.5,5.31949751186024,1,8
27,5.14397294627079,1,8
27.5,4.76439932801361,1,8
28,4.9216203038732,1,8
28.5,4.8453503584398,1,8
29,4.70503247112133,1,8
29.5,4.96032276311557,1,8
30,4.87442693037852,1,8
0,2.2507201320797,1,9
0.5,5.04447782247289,1,9
1,5.75475469462298,1,9
1.5,6.10196247069596,1,9
2,6.256817606616,1,9
2.5,6.83512145036079,1,9
3,6.27506786963646,1,9
3.5,6.5360532601043,1,9
4,7.07416383226989,1,9
4.5,6.68455321015681,1,9
5,6.38011245155329,1,9
5.5,6.47738171448936,1,9
6,6.82740203631238,1,9
6.5,6.86080362874676,1,9
7,6.79281832390813,1,9
7.5,6.72227040284053,1,9
8,6.75014330440879,1,9
8.5,6.73202479313884,1,9
9,6.75381542294728,1,9
9.5,6.58301095932061,1,9
10,6.47259521010742,1,9
10.5,6.61301747929067,1,9
11,6.85010277524361,1,9
11.5,6.59841774104977,1,9
12,6.5466766387035,1,9
12.5,6.58995122312825,1,9
13,6.42509485909232,1,9
13.5,6.42539024606013,1,9
14,6.39485059885673,1,9
14.5,6.25305652257992,1,9
15,6.41790480232685,1,9
15.5,6.14968171282898,1,9
16,6.5883991214939,1,9
16.5,6.22549306913892,1,9
17,6.32600480816107,1,9
17.5,6.09606705680108,1,9
18,6.16728228765396,1,9
18.5,6.12412628366971,1,9
19,5.84891914488528,1,9
19.5,6.36019224269938,1,9
20,6.14292765423589,1,9
20.5,5.92123560757003,1,9
21,5.78462977583973,1,9
21.5,6.30819337684153,1,9
22,6.04321858893642,1,9
22.5,6.11793383207738,1,9
23,5.18742552809768,1,9
23.5,6.00373808277625,1,9
24,5.9970005435106,1,9
24.5,5.72248881940621,1,9
25,6.01196531927758,1,9
25.5,5.45739026789249,1,9
26,5.96552272274853,1,9
26.5,5.54176984511055,1,9
27,5.55313805194226,1,9
27.5,5.28538151768525,1,9
28,5.47476373892232,1,9
28.5,5.41090513511082,1,9
29,5.56875022539294,1,9
29.5,5.63804448252891,1,9
30,5.29444704996428,1,9
0,1.89072003980767,1,10
0.5,5.36822683090514,1,10
1,5.5085894346324,1,10
1.5,6.31229052898996,1,10
2,5.86495491599245,1,10
2.5,6.13810184157855,1,10
3,6.15570949588561,1,10
3.5,6.38002301141121,1,10
4,6.18709148217766,1,10
4.5,5.97255040922197,1,10
5,6.2758558855966,1,10
5.5,6.22676985933096,1,10
6,6.04460019773193,1,10
6.5,5.77052756275083,1,10
7,6.14206434929027,1,10
7.5,5.99078955740259,1,10
8,6.35307477732263,1,10
8.5,6.22153751669516,1,10
9,6.27141375539884,1,10
9.5,5.97735403394029,1,10
10,5.89060602161953,1,10
10.5,6.10542745957191,1,10
11,6.00105300730013,1,10
11.5,5.89140384146968,1,10
12,6.13691619994468,1,10
12.5,5.50637042170526,1,10
13,5.74276404910412,1,10
13.5,5.53941987847182,1,10
14,5.46082862232472,1,10
14.5,5.5784379586928,1,10
15,5.46238912419408,1,10
15.5,5.74577346463319,1,10
16,5.3983272714009,1,10
16.5,5.61988192700335,1,10
17,5.23845726578344,1,10
17.5,5.26816192168288,1,10
18,5.45374764127063,1,10
18.5,5.00889016547054,1,10
19,5.15197234548147,1,10
19.5,5.39908065583238,1,10
20,5.54153437057049,1,10
20.5,5.19168637430234,1,10
21,5.29720469741325,1,10
21.5,5.25721943173291,1,10
22,5.06634985452607,1,10
22.5,5.16519556186527,1,10
23,5.30378420081111,1,10
23.5,5.40214300557593,1,10
24,5.3873930191368,1,10
24.5,5.20739179250412,1,10
25,4.86822706063887,1,10
25.5,4.99975418196798,1,10
26,4.78989688880142,1,10
26.5,5.11578346253408,1,10
27,4.91793296720865,1,10
27.5,4.93834015250365,1,10
28,5.07192745224006,1,10
28.5,4.89752090814441,1,10
29,4.8510215057098,1,10
29.5,4.68185494877189,1,10
30,4.70367082042594,1,10
0,1.90925086221223,1,11
0.5,5.45936760557101,1,11
1,5.84760137127541,1,11
1.5,6.12470765357032,1,11
2,5.96432392204346,1,11
2.5,6.62250164062435,1,11
3,6.19617442710178,1,11
3.5,6.4607081888695,1,11
4,6.38974176324892,1,11
4.5,6.65644487038667,1,11
5,6.38977603618175,1,11
5.5,6.89049205122709,1,11
6,6.9056357681294,1,11
6.5,6.57367168560244,1,11
7,6.41483065915508,1,11
7.5,6.8655137860487,1,11
8,6.54711537506234,1,11
8.5,6.64383936765349,1,11
9,6.46113841605498,1,11
9.5,6.58875860315132,1,11
10,6.50820539685585,1,11
10.5,6.40114426086553,1,11
11,6.64971197318211,1,11
11.5,6.50228276645482,1,11
12,6.36875949650055,1,11
12.5,6.3923917670605,1,11
13,6.30556451791814,1,11
13.5,6.19870055971169,1,11
14,6.3805287401851,1,11
14.5,6.54408368723742,1,11
15,6.54671029433703,1,11
15.5,6.1164058719382,1,11
16,6.14068934887725,1,11
16.5,6.42403523126484,1,11
17,6.54347287774792,1,11
17.5,6.32698156449603,1,11
18,5.81686367118936,1,11
18.5,6.24196189176887,1,11
19,6.19334221963596,1,11
19.5,6.15089098921834,1,11
20,5.56406152450203,1,11
20.5,6.26449923029837,1,11
21,6.00046553213289,1,11
21.5,5.91225773362588,1,11
22,5.87691280218164,1,11
22.5,6.02647484680705,1,11
23,6.29588123595603,1,11
23.5,6.11132730947178,1,11
24,5.96175656721537,1,11
24.5,5.86437589479374,1,11
25,6.09143877670822,1,11
25.5,6.18030939930146,1,11
26,5.86048513302606,1,11
26.5,5.69029310960055,1,11
27,5.81235618485332,1,11
27.5,6.2857579716946,1,11
28,5.77172412999115,1,11
28.5,6.05056130153772,1,11
29,5.67981157930392,1,11
29.5,6.10732009077259,1,11
30,5.89405881600078,1,11
0,2.02912037594364,1,12
0.5,5.82043295165664,1,12
1,6.21974008188877,1,12
1.5,6.23744738870573,1,12
2,6.67674864682895,1,12
2.5,6.55351249329765,1,12
3,6.5949764805128,1,12
3.5,6.51845846628384,1,12
4,6.57083414312142,1,12
4.5,6.28779890640437,1,12
5,6.71910194607709,1,12
5.5,6.40903334633058,1,12
6,6.88039338318282,1,12
6.5,6.87945899596515,1,12
7,6.56217503163423,1,12
7.5,6.45987176260987,1,12
8,6.48689749158441,1,12
8.5,6.21478473491477,1,12
9,6.12567033842975,1,12
9.5,6.44222147222643,1,12
10,6.12650775905491,1,12
10.5,6.39208288747201,1,12
11,6.37870235261668,1,12
11.5,6.60864421057532,1,12
12,6.09485400577459,1,12
12.5,6.35135344011827,1,12
13,6.44611732927896,1,12
13.5,5.90792290427672,1,12
14,6.2771427164422,1,12
14.5,6.13735712046302,1,12
15,6.62824141935637,1,12
15.5,6.17369048754387,1,12
16,5.80931996697687,1,12
16.5,6.21933992457216,1,12
17,6.20922265144488,1,12
17.5,5.82533140476698,1,12
18,6.10523271898039,1,12
18.5,5.56448983177188,1,12
19,5.949504821804,1,12
19.5,5.83722464641896,1,12
20,5.77341246566382,1,12
20.5,6.07595034898472,1,12
21,5.73172807165846,1,12
21.5,5.73983399540952,1,12
22,5.58633594056366,1,12
22.5,5.82418538093802,1,12
23,6.08609159684712,1,12
23.5,5.81514246727465,1,12
24,5.8085247054596,1,12
24.5,5.75147377773962,1,12
25,5.41178771155423,1,12
25.5,6.09514069434689,1,12
26,5.69971782093257,1,12
26.5,5.61939261631604,1,12
27,5.49256173170862,1,12
27.5,5.37178476611803,1,12
28,5.62226938705239,1,12
28.5,5.87170225433564,1,12
29,5.29870204599455,1,12
29.5,5.60739893834172,1,12
30,5.6800911103088,1,12
0,2.06258994194475,1,13
0.5,5.48332338398593,1,13
1,6.23452309471164,1,13
1.5,6.17620277204647,1,13
2,6.82043736004515,1,13
2.5,7.19094041584995,1,13
3,7.1951260299251,1,13
3.5,7.33053981988629,1,13
4,7.27192031791164,1,13
4.5,7.38975034581453,1,13
5,7.05183097458558,1,13
5.5,7.23321854213889,1,13
6,6.87710318344709,1,13
6.5,7.46657791565629,1,13
7,7.12779946420868,1,13
7.5,7.51349272286672,1,13
8,7.09009850063638,1,13
8.5,7.43288231439249,1,13
9,7.14628598400503,1,13
9.5,7.05368183094865,1,13
10,7.34091667221627,1,13
10.5,6.74995494123832,1,13
11,7.18702080276967,1,13
11.5,7.37411865404593,1,13
12,7.07156594373432,1,13
12.5,7.28097951304298,1,13
13,7.22622606438459,1,13
13.5,6.94091698854303,1,13
14,6.73166563815641,1,13
14.5,7.1238120174985,1,13
15,6.86885013454843,1,13
15.5,7.10001992480275,1,13
16,6.77897971366579,1,13
16.5,6.72022946413983,1,13
17,6.93146892772298,1,13
17.5,6.80781142976153,1,13
18,6.61877126045976,1,13
18.5,6.90868861610093,1,13
19,6.53505548922225,1,13
19.5,7.05781848428531,1,13
20,6.62525643868536,1,13
20.5,6.43373194711802,1,13
21,6.40911136068828,1,13
21.5,6.6209896361348,1,13
22,6.64990828443637,1,13
22.5,6.62034084968726,1,13
23,6.53581607238307,1,13
23.5,6.34457743876512,1,13
24,6.50598512716686,1,13
24.5,6.72891870790839,1,13
25,6.76045268437832,1,13
25.5,6.50363759290839,1,13
26,6.39420237643403,1,13
26.5,6.46706931314303,1,13
27,6.33039525217337,1,13
27.5,6.28145588131767,1,13
28,5.72821105371121,1,13
28.5,6.33627528666009,1,13
29,6.46345262922936,1,13
29.5,6.43226899327159,1,13
30,6.2501292663619,1,13
0,2.19592286705911,1,14
0.5,5.8830538985799,1,14
1,6.55564795612305,1,14
1.5,6.23484195893335,1,14
2,6.34794448110457,1,14
2.5,7.15200908460694,1,14
3,6.65546040241758,1,14
3.5,6.92111121826874,1,14
4,6.69651520008558,1,14
4.5,6.7226343017402,1,14
5,6.60234739358831,1,14
5.5,6.75165720756508,1,14
6,6.68252606903015,1,14
6.5,6.69912747729003,1,14
7,6.59909959431085,1,14
7.5,6.73944642352839,1,14
8,6.45035205491909,1,14
8.5,6.55866025940957,1,14
9,6.75994150919325,1,14
9.5,6.89768153401591,1,14
10,6.28563463349025,1,14
10.5,6.56628673580239,1,14
11,6.37080880300447,1,14
11.5,6.71519431414502,1,14
12,6.39396773932693,1,14
12.5,5.94615984883103,1,14
13,6.2056450858128,1,14
13.5,6.13284190350205,1,14
14,6.24822612989607,1,14
14.5,6.48470416040959,1,14
15,6.29709359744492,1,14
15.5,6.07590071450943,1,14
16,6.3973047208471,1,14
16.5,5.7683866881557,1,14
17,5.91420716834812,1,14
17.5,5.83248930662839,1,14
18,5.78166841977599,1,14
18.5,6.24995066788435,1,14
19,5.64334629730772,1,14
19.5,5.56545417862591,1,14
20,5.86570011839433,1,14
20.5,5.47664763503367,1,14
21,5.511569820919,1,14
21.5,5.4754257716431,1,14
22,5.49796891106354,1,14
22.5,5.71411516723472,1,14
23,5.47441917470812,1,14
23.5,5.56152370048411,1,14
24,4.95856991723095,1,14
24.5,5.62994287935517,1,14
25,5.5884786501802,1,14
25.5,5.3742924664172,1,14
26,5.09988804838895,1,14
26.5,4.86318838111272,1,14
27,5.32346658004359,1,14
27.5,5.00658059939133,1,14
28,4.64427635591481,1,14
28.5,5.1809373955007,1,14
29,4.48678975744552,1,14
29.5,4.8173197539159,1,14
30,4.82911686135106,1,14
0,2.11402180842892,1,15
0.5,4.87051370185662,1,15
1,5.86564970202171,1,15
1.5,5.47393051492991,1,15
2,5.85255849874004,1,15
2.5,5.996693076643,1,15
3,5.83707287519909,1,15
3.5,5.76369915649775,1,15
4,5.89464807967029,1,15
4.5,6.00132689858735,1,15
5,5.89705311432688,1,15
5.5,5.53034124685649,1,15
6,6.1531708514982,1,15
6.5,5.7277035675432,1,15
7,6.19764178302568,1,15
7.5,5.7899258957494,1,15
8,5.92412397579559,1,15
8.5,5.74428970950622,1,15
9,5.66731180071266,1,15
9.5,5.64280420502949,1,15
10,5.3214239005151,1,15
10.5,5.66660067642149,1,15
11,5.68966324593936,1,15
11.5,5.75221679384357,1,15
12,5.60315791757222,1,15
12.5,5.63221354328746,1,15
13,5.55717471372086,1,15
13.5,5.48823289016098,1,15
14,5.36766062225396,1,15
14.5,5.5442539617584,1,15
15,5.25895017028787,1,15
15.5,5.29652118833361,1,15
16,5.53045854011876,1,15
16.5,5.47155866265101,1,15
17,5.06960218130926,1,15
17.5,5.22562432780812,1,15
18,5.40608563762027,1,15
18.5,5.23254903567093,1,15
19,5.75975698710693,1,15
19.5,5.32443903591621,1,15
20,5.39652955275032,1,15
20.5,5.09468294012858,1,15
21,5.03992115384845,1,15
21.5,5.39056108984279,1,15
22,5.23971338669571,1,15
22.5,5.45803298588502,1,15
23,5.09851448767847,1,15
23.5,5.00351120206448,1,15
24,5.08597577583246,1,15
24.5,4.9252288335702,1,15
25,5.2793851635593,1,15
25.5,5.23706059282899,1,15
26,4.90634371601091,1,15
26.5,5.03324947834379,1,15
27,4.96857973808682,1,15
27.5,5.12665379641353,1,15
28,4.88528945177077,1,15
28.5,4.79521885085572,1,15
29,4.76638087537799,1,15
29.5,4.97414998710388,1,15
30,4.76146123871218,1,15
0,2.06548798148088,1,16
0.5,6.24956010926531,1,16
1,6.85355844455639,1,16
1.5,6.80532173559231,1,16
2,6.75901666281525,1,16
2.5,7.21243246438791,1,16
3,6.97497712281593,1,16
3.5,7.08427743771751,1,16
4,7.04199500637869,1,16
4.5,7.04389158167814,1,16
5,6.89184565899804,1,16
5.5,6.72341912877728,1,16
6,7.02810879245298,1,16
6.5,7.24853015649854,1,16
7,6.65502300826454,1,16
7.5,6.90083753753878,1,16
8,6.76203707087175,1,16
8.5,6.67959295180294,1,16
9,6.86208710909138,1,16
9.5,7.08559951136693,1,16
10,6.79337119024761,1,16
10.5,6.37400498627242,1,16
11,6.63636319752252,1,16
11.5,6.31881416575612,1,16
12,6.76663553145028,1,16
12.5,6.64795013836829,1,16
13,6.53635547837783,1,16
13.5,6.3131725248775,1,16
14,6.5577694340071,1,16
14.5,6.48445183093946,1,16
15,6.52058225348361,1,16
15.5,6.08675974383676,1,16
16,6.31919039925525,1,16
16.5,6.2351492473294,1,16
17,6.0018146272232,1,16
17.5,6.12179116615907,1,16
18,5.82295917282765,1,16
18.5,5.88189220391579,1,16
19,6.12462169731121,1,16
19.5,6.13734737061907,1,16
20,5.80155351244616,1,16
20.5,6.0977267004193,1,16
21,5.64453928546,1,16
21.5,5.53962623488556,1,16
22,5.5492928005644,1,16
22.5,5.58846663224642,1,16
23,5.97169771333108,1,16
23.5,5.63632451066567,1,16
24,5.83434950942518,1,16
24.5,5.77558184484642,1,16
25,5.5434848340388,1,16
25.5,5.39917285991876,1,16
26,5.60899358481541,1,16
26.5,5.0438905304928,1,16
27,5.54361242977725,1,16
27.5,5.13279235376564,1,16
28,5.68445191212123,1,16
28.5,5.02857846438779,1,16
29,4.77700392711983,1,16
29.5,5.20634023863941,1,16
30,5.29006805846686,1,16
0,1.7698658373057,1,17
0.5,6.19725681409748,1,17
1,6.35965187107759,1,17
1.5,6.66799525843552,1,17
2,7.126228492324,1,17
2.5,7.08251091716913,1,17
3,7.56732725664365,1,17
3.5,6.9709846464061,1,17
4,7.16235354505108,1,17
4.5,7.07476142441022,1,17
5,7.29158822746759,1,17
5.5,7.30467594265319,1,17
6,7.43039106994836,1,17
6.5,7.22791530364308,1,17
7,7.32009285653026,1,17
7.5,7.066699611789,1,17
8,7.3195746787296,1,17
8.5,7.24219321020669,1,17
9,7.16047818771184,1,17
9.5,7.05805918152328,1,17
10,7.20694090127116,1,17
10.5,7.26156551071884,1,17
11,6.7846567435124,1,17
11.5,7.23508093276543,1,17
12,7.03482191403251,1,17
12.5,6.98758133084109,1,17
13,7.14662035912272,1,17
13.5,7.51128978450969,1,17
14,7.10548091203762,1,17
14.5,6.94005223548686,1,17
15,7.17428745842828,1,17
15.5,7.01371661699773,1,17
16,7.0223681977463,1,17
16.5,7.11337141150686,1,17
17,6.74846635824808,1,17
17.5,6.47120304082726,1,17
18,6.95669049569629,1,17
18.5,6.74412403133188,1,17
19,6.81492778177821,1,17
19.5,6.74283149718245,1,17
20,6.65491558666192,1,17
20.5,6.27526905207536,1,17
21,6.62664005791628,1,17
21.5,6.71055209673044,1,17
22,6.24074906456549,1,17
22.5,6.62972406926039,1,17
23,6.18214713858618,1,17
23.5,6.49615366142534,1,17
24,6.23184385442603,1,17
24.5,6.0648688190897,1,17
25,6.25055003953204,1,17
25.5,6.21797579026574,1,17
26,6.5578125374425,1,17
26.5,6.30563130287208,1,17
27,6.38543834166898,1,17
27.5,6.31884143024255,1,17
28,6.2154195314113,1,17
28.5,6.22115824685546,1,17
29,6.22839272992627,1,17
29.5,6.44606174954169,1,17
30,5.86465380650106,1,17
0,2.07952133477821,1,18
0.5,5.65705917847135,1,18
1,6.27659875315825,1,18
1.5,6.50388895690719,1,18
2,6.35499346583928,1,18
2.5,6.65245667259598,1,18
3,6.8451676556391,1,18
3.5,6.37223771659716,1,18
4,6.88309659545083,1,18
4.5,6.82325531007186,1,18
5,6.58655873531378,1,18
5.5,6.64483319707087,1,18
6,6.58671511878681,1,18
6.5,6.78258567310852,1,18
7,6.72176270692202,1,18
7.5,6.56631952854534,1,18
8,6.52418680427585,1,18
8.5,6.59224416090101,1,18
9,6.54146245998089,1,18
9.5,6.36822321468055,1,18
10,6.50910947565543,1,18
10.5,6.27769736361221,1,18
11,6.66157059211832,1,18
11.5,6.46706821672489,1,18
12,6.36539229325523,1,18
12.5,6.51002078355749,1,18
13,6.17461638123572,1,18
13.5,6.17323579730306,1,18
14,6.78588317761717,1,18
14.5,6.28262188306696,1,18
15,6.6297342078053,1,18
15.5,6.47051189563138,1,18
16,5.86725515939877,1,18
16.5,6.40411554678129,1,18
17,6.13472360176322,1,18
17.5,6.16708057571996,1,18
18,5.91625512203327,1,18
18.5,6.24866193861512,1,18
19,6.1299870699649,1,18
19.5,6.02762629999463,1,18
20,5.97210648276492,1,18
20.5,6.01820504928336,1,18
21,5.97234790206086,1,18
21.5,6.22983435458947,1,18
22,5.97834187628781,1,18
22.5,5.76353668211972,1,18
23,6.20857390312066,1,18
23.5,5.730105181627,1,18
24,5.82513350306763,1,18
24.5,5.67754690680555,1,18
25,5.58547964251447,1,18
25.5,5.65335016953827,1,18
26,5.59702401359723,1,18
26.5,5.82045055098361,1,18
27,5.69952650624134,1,18
27.5,5.77608497347631,1,18
28,5.53943728832262,1,18
28.5,5.71471113298702,1,18
29,5.61257533467804,1,18
29.5,5.68006957345712,1,18
30,5.97447442219634,1,18
0,1.9446637184478,1,19
0.5,6.52165051515374,1,19
1,7.0564774581544,1,19
1.5,7.23707486518231,1,19
2,7.17162399890634,1,19
2.5,7.61446927431573,1,19
3,7.2911152030842,1,19
3.5,7.51571403983993,1,19
4,7.27179054260676,1,19
4.5,7.20741100249021,1,19
5,7.08493424040035,1,19
5.5,7.46913113064552,1,19
6,7.11746572628118,1,19
6.5,7.21568677983554,1,19
7,7.39190604234782,1,19
7.5,7.53720263699212,1,19
8,7.28271703220724,1,19
8.5,7.21512094094251,1,19
9,7.41491767885461,1,19
9.5,7.49675466337795,1,19
10,6.97233185601682,1,19
10.5,7.25988701190065,1,19
11,7.14947613830507,1,19
11.5,7.03922818982527,1,19
12,7.46229990039563,1,19
12.5,7.22847858585077,1,19
13,6.77474468688564,1,19
13.5,7.13794781879534,1,19
14,6.6857878213174,1,19
14.5,7.2993635968672,1,19
15,6.83880342860122,1,19
15.5,6.95476077168642,1,19
16,6.69186940971028,1,19
16.5,6.77558871421048,1,19
17,6.78830831975984,1,19
17.5,6.54852162978046,1,19
18,6.46013341436459,1,19
18.5,6.86640220484932,1,19
19,6.57354997299913,1,19
19.5,6.83553371238679,1,19
20,6.80311912034316,1,19
20.5,6.53878590953372,1,19
21,6.44243640501195,1,19
21.5,6.43154396651611,1,19
22,6.57613828565429,1,19
22.5,6.47402982213867,1,19
23,6.90558447245838,1,19
23.5,6.3254547636399,1,19
24,6.42705407916608,1,19
24.5,6.55745267300618,1,19
25,6.58716497589696,1,19
25.5,6.36111362946799,1,19
26,5.97547659402447,1,19
26.5,6.83074405645139,1,19
27,5.90302750731564,1,19
27.5,5.95368168398562,1,19
28,6.24967039926781,1,19
28.5,6.18437067443057,1,19
29,6.62470474758825,1,19
29.5,6.14647989915315,1,19
30,6.46533955576995,1,19
0,2.3512776878189,1,20
0.5,5.81363467123897,1,20
1,6.43131688202654,1,20
1.5,6.83389378340401,1,20
2,6.85188516688857,1,20
2.5,7.1689924123249,1,20
3,6.70245366434726,1,20
3.5,6.84758797973136,1,20
4,7.21201958765957,1,20
4.5,6.96422304474172,1,20
5,7.19170066371208,1,20
5.5,6.65363636011034,1,20
6,6.60764890013146,1,20
6.5,6.89861353109924,1,20
7,6.79519095623488,1,20
7.5,6.37167640807011,1,20
8,6.43437339672729,1,20
8.5,6.56773827400663,1,20
9,6.71164339535496,1,20
9.5,6.84749284499495,1,20
10,7.01920679272319,1,20
10.5,6.7944485506426,1,20
11,6.32819412507394,1,20
11.5,6.63513379142566,1,20
12,6.62424104881579,1,20
12.5,6.22904178336496,1,20
13,6.39730169025216,1,20
13.5,5.8319525509138,1,20
14,6.16136277476973,1,20
14.5,5.95428172423463,1,20
15,5.96278675224672,1,20
15.5,6.05748081353812,1,20
16,5.79247527933271,1,20
16.5,5.86186641508579,1,20
17,6.03261684455653,1,20
17.5,6.06611196466085,1,20
18,5.79837413519677,1,20
18.5,6.06019299846475,1,20
19,5.97005990493685,1,20
19.5,5.67114274817757,1,20
20,5.57464101458694,1,20
20.5,5.49227666526514,1,20
21,5.81864979627951,1,20
21.5,5.44919935882333,1,20
22,5.67412328989918,1,20
22.5,5.61618196101381,1,20
23,5.56724342328753,1,20
23.5,5.64792945545286,1,20
24,5.60290303319455,1,20
24.5,5.40779639392599,1,20
25,5.42352733053599,1,20
25.5,5.36887036481686,1,20
26,5.83413770737482,1,20
26.5,5.09121412184803,1,20
27,5.01303403090656,1,20
27.5,5.36657332661556,1,20
28,5.70742579123257,1,20
28.5,5.20029544605952,1,20
29,5.16221379660588,1,20
29.5,5.2479060759507,1,20
30,4.87290281491942,1,20
0,2.05642980652289,1,21
0.5,5.92944086603188,1,21
1,6.23646701419705,1,21
1.5,6.41891827340709,1,21
2,6.52854901452434,1,21
2.5,6.70885224408749,1,21
3,6.79177816217585,1,21
3.5,6.91791563700879,1,21
4,7.05785591499297,1,21
4.5,7.06985736920241,1,21
5,7.32784386291763,1,21
5.5,6.93285672599289,1,21
6,7.2877399012023,1,21
6.5,6.9520896320281,1,21
7,7.24636416212657,1,21
7.5,7.38009556337391,1,21
8,6.69291530600751,1,21
8.5,6.87476932017734,1,21
9,6.92316563202337,1,21
9.5,6.91159775802917,1,21
10,7.03707312242359,1,21
10.5,7.02308635226552,1,21
11,6.6927454498151,1,21
11.5,6.74862518999568,1,21
12,7.27228273348412,1,21
12.5,6.45576780742855,1,21
13,6.98391607697639,1,21
13.5,6.54976532188583,1,21
14,6.90970120785543,1,21
14.5,6.50412051487374,1,21
15,6.77641190060509,1,21
15.5,6.81341815230933,1,21
16,6.4706520723359,1,21
16.5,6.52265061177441,1,21
17,6.42785299537595,1,21
17.5,6.49179452406344,1,21
18,6.40034334998531,1,21
18.5,6.53114984959978,1,21
19,6.49627777656202,1,21
19.5,6.38142850976931,1,21
20,6.04681898075145,1,21
20.5,6.40473857930888,1,21
21,6.40458491450038,1,21
21.5,6.1212906867377,1,21
22,6.52530388754189,1,21
22.5,6.26488070763045,1,21
23,6.40735952396694,1,21
23.5,6.45462703636613,1,21
24,5.98219857654576,1,21
24.5,6.3442590281576,1,21
25,5.87179153311983,1,21
25.5,5.92669541665755,1,21
26,6.07485310822336,1,21
26.5,6.0248715644731,1,21
27,5.63794313902982,1,21
27.5,5.92099540169689,1,21
28,5.53542933936268,1,21
28.5,6.11151975636231,1,21
29,5.49885643187526,1,21
29.5,5.72966470723979,1,21
30,5.65579626635053,1,21
0,2.20579085747328,1,22
0.5,5.24699849677109,1,22
1,6.24558688404872,1,22
1.5,6.30055925189944,1,22
2,6.61486472772301,1,22
2.5,6.45819894477336,1,22
3,6.48525456815493,1,22
3.5,6.52398293814809,1,22
4,7.00679702581773,1,22
4.5,6.79893107950807,1,22
5,6.67859764167718,1,22
5.5,6.96686986519945,1,22
6,6.69718756493988,1,22
6.5,6.60202638372911,1,22
7,6.73480579443027,1,22
7.5,6.52083134285761,1,22
8,6.49532036416657,1,22
8.5,6.69812330360583,1,22
9,6.60765561327849,1,22
9.5,6.91604216442641,1,22
10,6.32996916639254,1,22
10.5,6.94717325849503,1,22
11,6.51388965170205,1,22
11.5,6.48502082267556,1,22
12,6.72837553426213,1,22
12.5,6.46714983785428,1,22
13,6.94413037571011,1,22
13.5,6.50269739591128,1,22
14,6.42587281807618,1,22
14.5,6.87052976069937,1,22
15,6.28611130244933,1,22
15.5,6.34453597161712,1,22
16,6.38673453410199,1,22
16.5,6.02495487845735,1,22
17,6.46635854188865,1,22
17.5,5.9191168203393,1,22
18,6.08552534113183,1,22
18.5,6.3008056291648,1,22
19,6.0496261134539,1,22
19.5,6.52762226929668,1,22
20,5.92811826939333,1,22
20.5,6.07408548797785,1,22
21,5.82420212516029,1,22
21.5,6.24677951322736,1,22
22,6.10429164038432,1,22
22.5,6.29056286307829,1,22
23,6.27891173303791,1,22
23.5,5.79959053447689,1,22
24,6.00100280379595,1,22
24.5,5.40720143471165,1,22
25,6.18241732018576,1,22
25.5,5.91082485334517,1,22
26,6.23405478989739,1,22
26.5,6.09947188372001,1,22
27,5.66655549668903,1,22
27.5,5.88852541317474,1,22
28,5.97055174890068,1,22
28.5,5.90949576606393,1,22
29,5.81983835465495,1,22
29.5,5.88969904637709,1,22
30,5.62556739070268,1,22
0,2.00727154672831,1,23
0.5,5.58714233076765,1,23
1,6.14925589949456,1,23
1.5,6.0678211965014,1,23
2,6.44995021198492,1,23
2.5,6.52549488199548,1,23
3,6.35030504331359,1,23
3.5,6.74354810007545,1,23
4,7.13805767556637,1,23
4.5,6.80578950944588,1,23
5,6.68414458777423,1,23
5.5,6.99898639716279,1,23
6,7.2933822367814,1,23
6.5,6.75688169818793,1,23
7,6.77238263764626,1,23
7.5,6.36172939460067,1,23
8,6.83317499130032,1,23
8.5,6.84252117740838,1,23
9,6.86418239772813,1,23
9.5,6.3387813875928,1,23
10,6.39069622219231,1,23
10.5,6.68209630515968,1,23
11,6.42752240998622,1,23
11.5,6.86799634196615,1,23
12,6.83336141031647,1,23
12.5,6.48156898652856,1,23
13,6.48206055680158,1,23
13.5,6.72814816750701,1,23
14,6.62063601045872,1,23
14.5,6.57412324306467,1,23
15,7.03106649911812,1,23
15.5,6.46338532617441,1,23
16,6.45242382374901,1,23
16.5,6.55440841769124,1,23
17,6.74270392590734,1,23
17.5,6.09365146246541,1,23
18,6.23550664716743,1,23
18.5,6.29076925359963,1,23
19,6.55289476528782,1,23
19.5,5.90375935562118,1,23
20,6.26762504924014,1,23
20.5,6.19588352912262,1,23
21,6.59336848233036,1,23
21.5,6.69658944331257,1,23
22,6.32769211772424,1,23
22.5,6.20217245254951,1,23
23,6.12486288966699,1,23
23.5,6.37222610953927,1,23
24,6.12712028643873,1,23
24.5,6.4227046268548,1,23
25,6.26454328724491,1,23
25.5,6.36992433413775,1,23
26,5.97246428944474,1,23
26.5,6.4988892830575,1,23
27,6.21253927538616,1,23
27.5,6.15399944823478,1,23
28,6.073549876154,1,23
28.5,5.99554783979989,1,23
29,6.19191968368901,1,23
29.5,5.30542305524089,1,23
30,6.1258017548698,1,23
0,2.03737017679434,1,24
0.5,5.99335312750439,1,24
1,6.40936158718034,1,24
1.5,6.34396683049303,1,24
2,6.78736402532321,1,24
2.5,7.05328846916403,1,24
3,7.10955997476072,1,24
3.5,6.99306496350448,1,24
4,7.40457252020547,1,24
4.5,7.25132117782915,1,24
5,6.84920161165039,1,24
5.5,7.27622305369239,1,24
6,6.97987991881618,1,24
6.5,7.4953837531751,1,24
7,7.38329672428776,1,24
7.5,7.21550660992407,1,24
8,7.48052992629753,1,24
8.5,7.29758654335147,1,24
9,7.11251306221191,1,24
9.5,7.19025252469246,1,24
10,7.37324111536151,1,24
10.5,7.06398318700156,1,24
11,6.98041447158505,1,24
11.5,6.89755586393625,1,24
12,6.53090879279316,1,24
12.5,7.23387873000759,1,24
13,7.06437554739852,1,24
13.5,6.78616665813475,1,24
14,7.01584751003208,1,24
14.5,6.68119864267994,1,24
15,7.07941559689989,1,24
15.5,6.64447462883015,1,24
16,7.13234115105232,1,24
16.5,6.93040647145055,1,24
17,6.90634217529013,1,24
17.5,6.55428023609442,1,24
18,6.46340465146642,1,24
18.5,6.95297279684892,1,24
19,7.24522091841748,1,24
19.5,6.79008818379155,1,24
20,6.43802212279168,1,24
20.5,6.86827515775545,1,24
21,6.75809891145862,1,24
21.5,6.99469233413816,1,24
22,6.51680323969648,1,24
22.5,6.54311142787227,1,24
23,6.80323405823562,1,24
23.5,6.56025319002173,1,24
24,6.71551224428445,1,24
24.5,6.30266663964049,1,24
25,6.68346479432539,1,24
25.5,6.55162853133808,1,24
26,6.58210391615262,1,24
26.5,6.60792914345278,1,24
27,6.36162544699325,1,24
27.5,6.3277297353472,1,24
28,6.57775512312436,1,24
28.5,6.4423067366194,1,24
29,6.31256606341397,1,24
29.5,6.23572989174565,1,24
30,6.33348988963531,1,24
0,1.96380660069572,1,25
0.5,5.38370179266621,1,25
1,6.35637026795783,1,25
1.5,6.3828961128929,1,25
2,6.52814987636865,1,25
2.5,6.451221389842,1,25
3,6.64195281239021,1,25
3.5,6.43352734404447,1,25
4,6.5988015613174,1,25
4.5,6.94239094705435,1,25
5,6.48648744777677,1,25
5.5,6.57320643106977,1,25
6,6.24968419145017,1,25
6.5,6.08541155898788,1,25
7,6.19059294189628,1,25
7.5,6.23920614378465,1,25
8,6.41547637829396,1,25
8.5,6.28190076517213,1,25
9,6.72555971345904,1,25
9.5,6.61679751902077,1,25
10,6.07530170723545,1,25
10.5,6.58226392664202,1,25
11,6.28332572378324,1,25
11.5,6.26820782684235,1,25
12,6.1955339963951,1,25
12.5,6.3849603903722,1,25
13,6.53092346491513,1,25
13.5,6.16503459871915,1,25
14,5.78617127859171,1,25
14.5,6.07497177730018,1,25
15,6.14901923036401,1,25
15.5,5.9029609905357,1,25
16,5.82290110676753,1,25
16.5,6.2538993740578,1,25
17,6.02363883097143,1,25
17.5,5.87416295732403,1,25
18,5.91072972526723,1,25
18.5,6.02494710116884,1,25
19,6.27899509250168,1,25
19.5,5.96352067223259,1,25
20,6.19116271786849,1,25
20.5,5.90042178190648,1,25
21,5.85590358843595,1,25
21.5,5.84282061859197,1,25
22,6.19439473597237,1,25
22.5,6.19579538712014,1,25
23,6.17763494591903,1,25
23.5,6.10473370567905,1,25
24,5.91957348697082,1,25
24.5,6.1634464738925,1,25
25,5.79482759080863,1,25
25.5,5.71922357074028,1,25
26,5.74794353578672,1,25
26.5,5.92376032635941,1,25
27,5.51400002920763,1,25
27.5,5.85499603038372,1,25
28,6.00923711739339,1,25
28.5,6.20534258040614,1,25
29,5.69436935852339,1,25
29.5,5.92068596849287,1,25
30,5.59579801182014,1,25
0,2.59701221320076,1,26
0.5,5.79037555979878,1,26
1,6.08319360571511,1,26
1.5,6.60812541329996,1,26
2,6.79973177763957,1,26
2.5,6.43273681364628,1,26
3,7.05384263238388,1,26
3.5,6.95276805246056,1,26
4,7.08931416918274,1,26
4.5,7.13839623905753,1,26
5,6.97028513557531,1,26
5.5,6.94917387211438,1,26
6,6.96656603704281,1,26
6.5,6.90513921370054,1,26
7,6.3951628712968,1,26
7.5,6.8163458683482,1,26
8,6.91232389911205,1,26
8.5,6.68671393394765,1,26
9,6.74588111522184,1,26
9.5,7.02050649136439,1,26
10,6.24790388629311,1,26
10.5,6.7915096776935,1,26
11,6.67639648128541,1,26
11.5,6.34345674620842,1,26
12,6.91404475368311,1,26
12.5,6.48047848312331,1,26
13,6.75096128821542,1,26
13.5,6.22040578305602,1,26
14,6.75338547266517,1,26
14.5,6.27311607537423,1,26
15,6.67869433729318,1,26
15.5,6.09746234781352,1,26
16,6.41390927852306,1,26
16.5,6.33289256385965,1,26
17,6.68125562510217,1,26
17.5,6.13449493826705,1,26
18,5.97053292432185,1,26
18.5,6.29588195788437,1,26
19,6.26965349317359,1,26
19.5,6.15387620202442,1,26
20,6.17600591777455,1,26
20.5,6.14830993733126,1,26
21,6.33532483517262,1,26
21.5,6.0440289221613,1,26
22,6.25470490311572,1,26
22.5,5.70645446933579,1,26
23,6.21315681025174,1,26
23.5,5.84301003399596,1,26
24,6.11710104380018,1,26
24.5,5.73650715582153,1,26
25,5.85135615463915,1,26
25.5,5.58217107522117,1,26
26,5.65829231753896,1,26
26.5,6.01673093554886,1,26
27,5.95936634487287,1,26
27.5,5.83121107901832,1,26
28,6.04961359778766,1,26
28.5,5.81177210326268,1,26
29,5.74161886727278,1,26
29.5,5.37362089008419,1,26
30,5.70194441727654,1,26
0,2.37788363764223,1,27
0.5,5.48929946305923,1,27
1,6.18710089465684,1,27
1.5,6.51008352763665,1,27
2,6.72927390211963,1,27
2.5,6.57526210397261,1,27
3,6.41971663987599,1,27
3.5,6.61918387749602,1,27
4,6.90025294090371,1,27
4.5,6.44840832505031,1,27
5,6.54020395583347,1,27
5.5,7.05788426810652,1,27
6,6.6379069912692,1,27
6.5,7.10751757873902,1,27
7,6.55170098864133,1,27
7.5,6.61462756982537,1,27
8,6.42775830108088,1,27
8.5,6.71212121838295,1,27
9,6.52843439740811,1,27
9.5,6.08079343719148,1,27
10,6.20126904153851,1,27
10.5,6.16394476659923,1,27
11,6.2768532470608,1,27
11.5,6.54989949976733,1,27
12,6.09601996688873,1,27
12.5,5.96548145430471,1,27
13,5.94322765799876,1,27
13.5,6.5144102388694,1,27
14,6.32549579157923,1,27
14.5,5.97275184883055,1,27
15,5.66144569145241,1,27
15.5,6.27285192859938,1,27
16,6.39153798660358,1,27
16.5,6.12636613693661,1,27
17,6.09733900590761,1,27
17.5,6.15138990774895,1,27
18,6.02669557644981,1,27
18.5,5.85508728514612,1,27
19,5.51782825817849,1,27
19.5,5.77656326342818,1,27
20,6.0756486044408,1,27
20.5,5.81493940140497,1,27
21,5.72519206495386,1,27
21.5,5.52246109770127,1,27
22,5.88992071136552,1,27
22.5,5.56940106137563,1,27
23,5.49002721778752,1,27
23.5,5.53777218394251,1,27
24,5.55872713683248,1,27
24.5,5.57358893020138,1,27
25,5.24785411946872,1,27
25.5,5.7125273629858,1,27
26,5.51877023448291,1,27
26.5,5.8459165301354,1,27
27,5.41395463799911,1,27
27.5,5.28486181063291,1,27
28,5.40533678447949,1,27
28.5,5.1212328620579,1,27
29,5.05011755125745,1,27
29.5,4.95098901103138,1,27
30,5.0548423607403,1,27
0,2.32079509769491,1,28
0.5,4.78680284824351,1,28
1,5.58313380186411,1,28
1.5,5.97726423366147,1,28
2,6.37954236670243,1,28
2.5,5.92876663074726,1,28
3,6.2191140517086,1,28
3.5,6.468216584311,1,28
4,6.26909355574394,1,28
4.5,6.63372408946895,1,28
5,6.54410417838101,1,28
5.5,6.63006608458457,1,28
6,6.80525915683974,1,28
6.5,6.62474346739738,1,28
7,6.89155427448278,1,28
7.5,6.84488960431407,1,28
8,6.46752375279976,1,28
8.5,6.43211296169077,1,28
9,6.34262667036639,1,28
9.5,6.53824438466758,1,28
10,6.89845747117471,1,28
10.5,6.24825208819123,1,28
11,6.16418217354658,1,28
11.5,6.42042992833177,1,28
12,6.27974076715796,1,28
12.5,6.12037768051593,1,28
13,6.30430895680516,1,28
13.5,6.21871614562595,1,28
14,6.09835949672073,1,28
14.5,6.30569250535396,1,28
15,6.06903164136144,1,28
15.5,6.07129836758908,1,28
16,6.53606030015015,1,28
16.5,6.45771528305269,1,28
17,6.05029028847538,1,28
17.5,6.26176444230216,1,28
18,6.35253619835999,1,28
18.5,5.90090017299411,1,28
19,6.31663978665492,1,28
19.5,6.08993321142487,1,28
20,5.9601018674744,1,28
20.5,5.90294110712893,1,28
21,5.665390598512,1,28
21.5,5.78871508794222,1,28
22,6.09035904462298,1,28
22.5,5.74211074841529,1,28
23,5.63976979226534,1,28
23.5,6.00320974615461,1,28
24,5.43702210959375,1,28
24.5,5.33923427698782,1,28
25,5.61680848628135,1,28
25.5,5.41802201623283,1,28
26,5.28402697388571,1,28
26.5,5.35736828176559,1,28
27,5.27130514447724,1,28
27.5,5.82000163820585,1,28
28,5.42804024177267,1,28
28.5,5.33349346651163,1,28
29,5.17419732427742,1,28
29.5,5.16308474625197,1,28
30,5.31998344804096,1,28
0,2.03115453774277,1,29
0.5,5.5553391059698,1,29
1,6.3967488175476,1,29
1.5,6.44035007255498,1,29
2,6.73199040518277,1,29
2.5,6.63006433481041,1,29
3,6.6943489970862,1,29
3.5,6.99533022605442,1,29
4,7.09304755971846,1,29
4.5,6.69792476125231,1,29
5,7.06475303522014,1,29
5.5,6.93164343604,1,29
6,7.04997460918592,1,29
6.5,7.26934562377121,1,29
7,6.72444328157501,1,29
7.5,6.912908638795,1,29
8,6.69723800186862,1,29
8.5,6.53013634543787,1,29
9,7.1372830604444,1,29
9.5,6.95953830716213,1,29
10,6.84177851525059,1,29
10.5,6.45487677069319,1,29
11,6.61319692240025,1,29
11.5,6.90903053000408,1,29
12,6.88875148426016,1,29
12.5,6.65353933515763,1,29
13,6.81100361490647,1,29
13.5,6.49609943948047,1,29
14,6.43682842371416,1,29
14.5,6.88859464199214,1,29
15,6.34012054805231,1,29
15.5,6.30330897822605,1,29
16,6.48924436587429,1,29
16.5,6.18243365434238,1,29
17,6.50638563697904,1,29
17.5,6.14559668513707,1,29
18,6.42532125068814,1,29
18.5,6.45461368700594,1,29
19,6.60999866402266,1,29
19.5,6.68256975508957,1,29
20,6.42613316080805,1,29
20.5,6.40668472361062,1,29
21,6.42263085031911,1,29
21.5,5.86243796462568,1,29
22,6.27934265853419,1,29
22.5,6.66252845103917,1,29
23,6.12471866394516,1,29
23.5,6.11496035559473,1,29
24,6.07874950265887,1,29
24.5,6.25738693919796,1,29
25,6.01025899782111,1,29
25.5,6.44129049040998,1,29
26,5.60693216313571,1,29
26.5,5.81977185582273,1,29
27,5.66906267060412,1,29
27.5,5.77240689717441,1,29
28,6.07927759592605,1,29
28.5,6.11378150200633,1,29
29,5.95481821077656,1,29
29.5,5.66998827562444,1,29
30,6.16763226158538,1,29
0,2.15969869687643,1,30
0.5,5.66660759268036,1,30
1,6.23377548208804,1,30
1.5,6.32157161212653,1,30
2,6.73114278811143,1,30
2.5,6.57426044999156,1,30
3,6.77317367583074,1,30
3.5,6.87935045038028,1,30
4,6.59540400437513,1,30
4.5,6.22801322189767,1,30
5,6.27389069268018,1,30
5.5,6.46307150276969,1,30
6,6.51044034808609,1,30
6.5,6.30071256577556,1,30
7,6.25904886202393,1,30
7.5,6.39095389912898,1,30
8,6.31373588568066,1,30
8.5,6.36559398769315,1,30
9,5.99708391577959,1,30
9.5,6.15974093252655,1,30
10,6.1242211775251,1,30
10.5,6.07258403719579,1,30
11,6.22047235881896,1,30
11.5,6.22188418026227,1,30
12,5.98526458060256,1,30
12.5,5.94199498197981,1,30
13,5.87123490746842,1,30
13.5,6.04324167173457,1,30
14,5.77475768027147,1,30
14.5,6.06762579598511,1,30
15,6.00779763897359,1,30
15.5,5.94104310545262,1,30
16,5.73645242929287,1,30
16.5,5.9253314694562,1,30
17,5.69968419655137,1,30
17.5,5.26154021541192,1,30
18,5.28052682278728,1,30
18.5,5.58177962809969,1,30
19,5.06357485104903,1,30
19.5,5.38360610023253,1,30
20,5.67426446301056,1,30
20.5,5.63558979160669,1,30
21,5.15496144666304,1,30
21.5,5.42141512593692,1,30
22,5.55486092404133,1,30
22.5,5.12768580537398,1,30
23,4.86626647344405,1,30
23.5,5.08356421890155,1,30
24,4.99704869256788,1,30
24.5,4.96699596957979,1,30
25,5.11849666074486,1,30
25.5,4.81542966491974,1,30
26,4.91318337710854,1,30
26.5,5.08567355892985,1,30
27,4.54800976058792,1,30
27.5,4.64909315163939,1,30
28,4.43426015192169,1,30
28.5,4.61215230720019,1,30
29,4.58570714698992,1,30
29.5,4.57345602631191,1,30
30,4.82932623563877,1,30
0,1.97344898110393,1,31
0.5,5.62940485974253,1,31
1,6.13686896431949,1,31
1.5,6.4870420551797,1,31
2,6.80274991585166,1,31
2.5,6.72468729286238,1,31
3,6.93538291675201,1,31
3.5,7.03385251382923,1,31
4,6.61591312312683,1,31
4.5,6.90669997304084,1,31
5,7.17821696108018,1,31
5.5,7.42338157419169,1,31
6,6.93609310793351,1,31
6.5,7.05541329208728,1,31
7,6.84749966733729,1,31
7.5,6.90625951326027,1,31
8,6.71582246440874,1,31
8.5,6.84927361374378,1,31
9,7.0284314358671,1,31
9.5,7.0138909780797,1,31
10,7.18440357324312,1,31
10.5,6.97414365346178,1,31
11,6.74039421626266,1,31
11.5,6.5878952538485,1,31
12,6.71399402742085,1,31
12.5,6.70461638097381,1,31
13,6.81923463735117,1,31
13.5,6.16572249797684,1,31
14,6.48509164716941,1,31
14.5,6.41301121682779,1,31
15,6.70344228815951,1,31
15.5,6.47873637793713,1,31
16,6.30896399096148,1,31
16.5,6.31861062460915,1,31
17,6.40645020651772,1,31
17.5,6.03597577680144,1,31
18,6.08483802576521,1,31
18.5,6.30297618447149,1,31
19,6.31449421435586,1,31
19.5,6.1598529855045,1,31
20,6.03735064338645,1,31
20.5,6.45146833400612,1,31
21,5.78547623473755,1,31
21.5,6.02321763496791,1,31
22,5.9039829995567,1,31
22.5,5.43340589285685,1,31
23,6.3204458464582,1,31
23.5,5.69173135857816,1,31
24,5.97340956522509,1,31
24.5,5.56677044735389,1,31
25,5.23928111091179,1,31
25.5,5.57036066762559,1,31
26,5.69542103096073,1,31
26.5,5.70834690513678,1,31
27,5.48255019622319,1,31
27.5,5.28458149118682,1,31
28,5.40904681737881,1,31
28.5,5.41990474607206,1,31
29,5.37177643529458,1,31
29.5,5.36729630375983,1,31
30,5.17604396057266,1,31
0,2.17351916919618,1,32
0.5,6.08196375657047,1,32
1,6.31788650229046,1,32
1.5,6.84586784063156,1,32
2,7.07128152217748,1,32
2.5,7.10082145331479,1,32
3,7.58331709294233,1,32
3.5,7.68754169434041,1,32
4,7.44861797113942,1,32
4.5,7.28503814182716,1,32
5,7.38641946213718,1,32
5.5,7.56116507324416,1,32
6,7.54393354684766,1,32
6.5,8.12234083341848,1,32
7,7.53775047552695,1,32
7.5,7.84517684763697,1,32
8,8.01529077500431,1,32
8.5,7.93717304538684,1,32
9,7.68000040445773,1,32
9.5,7.52017649740159,1,32
10,7.57260391249548,1,32
10.5,7.75105656429433,1,32
11,7.61024116076741,1,32
11.5,7.30011190907239,1,32
12,7.7671118449213,1,32
12.5,7.44731392060081,1,32
13,7.69061364307567,1,32
13.5,7.59196224848477,1,32
14,7.72827110564901,1,32
14.5,7.185971971747,1,32
15,7.58639969187106,1,32
15.5,7.3375456411519,1,32
16,7.44629213293353,1,32
16.5,7.11212190285002,1,32
17,7.28567155321324,1,32
17.5,7.43787278328892,1,32
18,7.52644161342224,1,32
18.5,7.36179993985575,1,32
19,7.4411347655661,1,32
19.5,7.28047008592059,1,32
20,7.24472519997655,1,32
20.5,7.32146038394458,1,32
21,6.80505598623127,1,32
21.5,7.33226090286652,1,32
22,7.32019385993485,1,32
22.5,7.07184323107186,1,32
23,7.07529382679749,1,32
23.5,7.25013497573389,1,32
24,7.38984769703659,1,32
24.5,7.12396812836873,1,32
25,7.56613032399011,1,32
25.5,7.05287249342579,1,32
26,7.15430635686298,1,32
26.5,7.08527275153647,1,32
27,7.13682770399755,1,32
27.5,7.19712433271174,1,32
28,7.07400085020521,1,32
28.5,7.30430546957389,1,32
29,6.76273278475829,1,32
29.5,6.72565026462572,1,32
30,6.98272753771683,1,32
0,2.28734778462368,1,33
0.5,5.62665532701833,1,33
1,6.91330785600797,1,33
1.5,6.88677844967071,1,33
2,7.0756707290941,1,33
2.5,7.43466999365388,1,33
3,7.39570584727689,1,33
3.5,7.3499277518905,1,33
4,7.5863884010919,1,33
4.5,7.63422784657467,1,33
5,7.60325843286178,1,33
5.5,7.54749176637775,1,33
6,7.57826095941843,1,33
6.5,7.26434256568542,1,33
7,7.63405998568669,1,33
7.5,7.22210796342242,1,33
8,7.18086339558199,1,33
8.5,7.21415748449556,1,33
9,7.13854329005564,1,33
9.5,7.08622387716512,1,33
10,7.30827503154569,1,33
10.5,7.31695072122518,1,33
11,7.17900061242139,1,33
11.5,6.98699548802891,1,33
12,7.5159414914103,1,33
12.5,6.81384261142825,1,33
13,7.05260119327786,1,33
13.5,6.77796645067226,1,33
14,6.89641161299525,1,33
14.5,7.36664587070016,1,33
15,6.67183030375258,1,33
15.5,7.15079866176592,1,33
16,6.38191762978047,1,33
16.5,6.4206434470915,1,33
17,6.74876730111034,1,33
17.5,6.84377733473633,1,33
18,6.83811757182336,1,33
18.5,6.32036701414174,1,33
19,6.59217534901018,1,33
19.5,6.29582705922352,1,33
20,6.85235684231909,1,33
20.5,6.48756836827867,1,33
21,6.59577930672043,1,33
21.5,6.4811737904432,1,33
22,6.47141294897512,1,33
22.5,5.98118720040462,1,33
23,6.40062749150492,1,33
23.5,6.26080198082601,1,33
24,6.33229793009012,1,33
24.5,5.92153795977299,1,33
25,5.89089147090464,1,33
25.5,5.87000888952845,1,33
26,5.88163311223674,1,33
26.5,6.03426566670612,1,33
27,5.92140628259354,1,33
27.5,5.93615778238141,1,33
28,6.02534724461141,1,33
28.5,5.68379392191988,1,33
29,5.83193153906008,1,33
29.5,5.85228264790604,1,33
30,5.74937257889076,1,33
0,2.06651781284407,1,34
0.5,5.92522421362785,1,34
1,5.85896258425287,1,34
1.5,6.19751224646026,1,34
2,6.58161738456803,1,34
2.5,7.01221534985759,1,34
3,6.34461687412481,1,34
3.5,6.84984322850632,1,34
4,6.50573640673769,1,34
4.5,6.94882184851742,1,34
5,7.0702422082802,1,34
5.5,6.59297599195789,1,34
6,6.75691396694811,1,34
6.5,7.15571866070712,1,34
7,6.7834175931356,1,34
7.5,6.73032896246389,1,34
8,6.85756111799386,1,34
8.5,6.46253522754901,1,34
9,6.25596997618297,1,34
9.5,6.89169628020172,1,34
10,6.73747754009913,1,34
10.5,6.9868022336755,1,34
11,6.56202171355106,1,34
11.5,6.72019727309793,1,34
12,6.71373465167931,1,34
12.5,6.50085575954341,1,34
13,6.63144522634217,1,34
13.5,6.14176364176077,1,34
14,6.56169304934309,1,34
14.5,6.78129520431271,1,34
15,6.40353787362547,1,34
15.5,6.4519329851111,1,34
16,6.3985530198695,1,34
16.5,6.53670723945113,1,34
17,6.29024671386673,1,34
17.5,6.12346375682982,1,34
18,6.54988074963799,1,34
18.5,6.24485884955354,1,34
19,6.42942068013139,1,34
19.5,6.27881174112986,1,34
20,6.32538096248523,1,34
20.5,6.09924707106632,1,34
21,6.29204915628731,1,34
21.5,5.95689700595482,1,34
22,6.17498846208096,1,34
22.5,5.89173507953907,1,34
23,6.05369189789613,1,34
23.5,6.19733161866814,1,34
24,6.46352413568112,1,34
24.5,5.83804798134724,1,34
25,6.03205754714018,1,34
25.5,5.90880388207003,1,34
26,5.90932589336231,1,34
26.5,5.65290305093092,1,34
27,6.11851433200263,1,34
27.5,5.71071397004677,1,34
28,5.60207122278072,1,34
28.5,6.19895070189625,1,34
29,5.9534651858304,1,34
29.5,5.73027778011551,1,34
30,6.05615095793704,1,34
0,2.0159222142095,1,35
0.5,5.78694983628471,1,35
1,6.20260710081758,1,35
1.5,6.18749222194138,1,35
2,6.4241165867154,1,35
2.5,6.3575520485202,1,35
3,6.34911330656832,1,35
3.5,6.58089366888083,1,35
4,6.9196735659606,1,35
4.5,6.42176433148496,1,35
5,6.73012731724313,1,35
5.5,6.41353954582295,1,35
6,6.39773250045277,1,35
6.5,6.4714064176468,1,35
7,6.5572190809474,1,35
7.5,6.63957177473281,1,35
8,6.50479781684849,1,35
8.5,6.12483329336001,1,35
9,6.27440294194283,1,35
9.5,6.15376723144675,1,35
10,5.98427008311195,1,35
10.5,5.79063691208553,1,35
11,5.90978700612559,1,35
11.5,6.00475790821945,1,35
12,6.18922328509839,1,35
12.5,5.61468864568971,1,35
13,5.67071394335889,1,35
13.5,5.75942404167069,1,35
14,5.84075646246933,1,35
14.5,5.31069121481629,1,35
15,5.29010047185531,1,35
15.5,5.28856527939188,1,35
16,5.18206927808753,1,35
16.5,5.24895545231134,1,35
17,5.62844527117439,1,35
17.5,5.63574320038151,1,35
18,4.97522966447703,1,35
18.5,5.33096750945369,1,35
19,4.87726307322703,1,35
19.5,4.84031153904782,1,35
20,5.19014859568897,1,35
20.5,4.42895690226545,1,35
21,4.64265959597488,1,35
21.5,4.84006187035919,1,35
22,4.47918660132203,1,35
22.5,4.5275756801529,1,35
23,4.3208776502307,1,35
23.5,4.13178600805478,1,35
24,4.48704850091366,1,35
24.5,4.23523490072713,1,35
25,4.23032574299899,1,35
25.5,4.29872967723195,1,35
26,4.13650702311405,1,35
26.5,3.95740981209285,1,35
27,3.75452519658275,1,35
27.5,3.99512692657995,1,35
28,3.78852912415957,1,35
28.5,4.01668063248026,1,35
29,3.26367206840641,1,35
29.5,3.74382652075752,1,35
30,3.67389317247947,1,35
0,1.90808416771473,1,36
0.5,5.36994445299688,1,36
1,6.25106357589994,1,36
1.5,6.24505958004881,1,36
2,6.50065024752763,1,36
2.5,6.96646913796314,1,36
3,6.4178174101029,1,36
3.5,7.01239977438641,1,36
4,6.75835162755245,1,36
4.5,7.09875468239315,1,36
5,6.91577461975355,1,36
5.5,6.84381874184273,1,36
6,6.56006912366881,1,36
6.5,6.81956379824904,1,36
7,6.90485778123192,1,36
7.5,6.92769060285946,1,36
8,6.35264863915799,1,36
8.5,6.83343308412472,1,36
9,6.6671304466141,1,36
9.5,6.92111166550648,1,36
10,6.51293661107659,1,36
10.5,6.41993026108701,1,36
11,6.75660273904536,1,36
11.5,6.83136429595267,1,36
12,6.38469590979025,1,36
12.5,6.56354784290526,1,36
13,6.49544252518635,1,36
13.5,6.43700190703805,1,36
14,6.57444074548664,1,36
14.5,6.50964547532137,1,36
15,6.72641587829321,1,36
15.5,6.17685400608449,1,36
16,6.36445494176293,1,36
16.5,6.52884092022732,1,36
17,6.06545707608377,1,36
17.5,6.27369081658295,1,36
18,6.46666659602278,1,36
18.5,6.1174396798966,1,36
19,5.99125851473735,1,36
19.5,6.17698877492171,1,36
20,6.31670075104747,1,36
20.5,6.25352520918866,1,36
21,6.03940365114291,1,36
21.5,6.12594467511059,1,36
22,6.11582281022261,1,36
22.5,5.97207327476489,1,36
23,6.16935829344375,1,36
23.5,5.89042327411363,1,36
24,5.93518672793471,1,36
24.5,5.98396399886779,1,36
25,5.81549278161772,1,36
25.5,5.98181954424145,1,36
26,5.98393184726671,1,36
26.5,5.78487652756126,1,36
27,5.94299386205631,1,36
27.5,5.4260440301417,1,36
28,5.63318177928052,1,36
28.5,5.39577602146781,1,36
29,5.78754772024252,1,36
29.5,5.69081145395182,1,36
30,5.87299531563651,1,36
0,2.0360290153923,1,37
0.5,5.46687519984643,1,37
1,6.61231077778053,1,37
1.5,6.77963701298339,1,37
2,6.87627383482386,1,37
2.5,6.77877471536049,1,37
3,7.09045574772393,1,37
3.5,7.01114131073784,1,37
4,6.80470251819333,1,37
4.5,7.4873063998236,1,37
5,7.27767642216887,1,37
5.5,7.07628897989649,1,37
6,7.10180176762132,1,37
6.5,7.36728542952558,1,37
7,7.10445740656038,1,37
7.5,6.74788395929344,1,37
8,6.83626689820993,1,37
8.5,7.17182945805298,1,37
9,6.91654195695977,1,37
9.5,7.28219522293497,1,37
10,7.04390195939729,1,37
10.5,6.91900440900568,1,37
11,7.06239907139142,1,37
11.5,6.86064702798324,1,37
12,6.50101960480043,1,37
12.5,6.97846596981376,1,37
13,6.9794625081,1,37
13.5,6.82069648415536,1,37
14,6.84050096081405,1,37
14.5,7.06263134215483,1,37
15,6.94693491803717,1,37
15.5,6.98293088833504,1,37
16,6.8380090787215,1,37
16.5,7.26095012619209,1,37
17,6.59090913319007,1,37
17.5,6.91310007560041,1,37
18,6.75482912327519,1,37
18.5,6.75822389280775,1,37
19,6.55902559676922,1,37
19.5,6.52204516319294,1,37
20,6.86580367599714,1,37
20.5,6.81990433035192,1,37
21,6.44597618049519,1,37
21.5,6.68259304438204,1,37
22,7.00768024410351,1,37
22.5,6.67239550492032,1,37
23,6.54419110570279,1,37
23.5,6.67366398340686,1,37
24,6.50478143060004,1,37
24.5,6.54360844283549,1,37
25,6.2496770052797,1,37
25.5,6.52171871734382,1,37
26,6.22413544962201,1,37
26.5,6.35258267808005,1,37
27,5.99201351312286,1,37
27.5,6.52142135361947,1,37
28,6.31632542812112,1,37
28.5,5.90266659355999,1,37
29,6.01584773030609,1,37
29.5,6.23451165135828,1,37
30,6.01703029812309,1,37
0,2.11490720969867,1,38
0.5,5.81785255784393,1,38
1,6.14597351653878,1,38
1.5,6.57172564659842,1,38
2,6.42263462508874,1,38
2.5,6.68141660156259,1,38
3,6.76272199763339,1,38
3.5,6.86523153848116,1,38
4,7.22106240842978,1,38
4.5,6.65226109230358,1,38
5,6.64664781921775,1,38
5.5,6.69306799931426,1,38
6,6.98023322413552,1,38
6.5,6.57390886570184,1,38
7,6.35132429437988,1,38
7.5,7.21764186670775,1,38
8,6.85394046136925,1,38
8.5,5.97474532539648,1,38
9,6.46642399668503,1,38
9.5,6.47707235885476,1,38
10,6.96733030937953,1,38
10.5,6.43065737488401,1,38
11,6.59592179644242,1,38
11.5,6.29775833791507,1,38
12,6.34551722310149,1,38
12.5,6.45280051875782,1,38
13,6.42715575679188,1,38
13.5,6.38825650341838,1,38
14,6.67571127011077,1,38
14.5,6.37792247622257,1,38
15,6.62416493916959,1,38
15.5,6.40287481866776,1,38
16,6.5584949908617,1,38
16.5,6.66667161381128,1,38
17,6.86106911563217,1,38
17.5,6.67863740022636,1,38
18,6.20431526170153,1,38
18.5,6.21213644097924,1,38
19,6.54562526204491,1,38
19.5,6.42884812674622,1,38
20,6.36065744430423,1,38
20.5,6.30276347623299,1,38
21,6.42253016377962,1,38
21.5,6.5106311807211,1,38
22,5.78091147251761,1,38
22.5,5.69406568464831,1,38
23,6.38294864982964,1,38
23.5,6.00592419729859,1,38
24,5.93875697812015,1,38
24.5,6.361833515557,1,38
25,6.2902581525901,1,38
25.5,6.05408362528743,1,38
26,5.86770235173397,1,38
26.5,6.17947930089144,1,38
27,6.12270106927527,1,38
27.5,6.59486986587873,1,38
28,6.07804889677124,1,38
28.5,6.09084199852009,1,38
29,6.18902094099313,1,38
29.5,6.19131839501249,1,38
30,5.78688092855605,1,38
0,2.08643390899098,1,39
0.5,5.77933534529794,1,39
1,6.04087043720531,1,39
1.5,6.09062434058362,1,39
2,6.56530302869348,1,39
2.5,6.79954826756925,1,39
3,6.40608064033636,1,39
3.5,6.8576156710952,1,39
4,7.05314137821229,1,39
4.5,7.0274103700264,1,39
5,7.03823653861553,1,39
5.5,6.70722236919412,1,39
6,6.86835635033335,1,39
6.5,6.90058793986397,1,39
7,7.33434159545663,1,39
7.5,6.73184857560021,1,39
8,6.74016240686275,1,39
8.5,6.91790513976983,1,39
9,6.95393088671665,1,39
9.5,6.83635367470346,1,39
10,6.75177054828309,1,39
10.5,6.57098043912254,1,39
11,6.58182079711348,1,39
11.5,6.47898601501528,1,39
12,6.71747405439561,1,39
12.5,6.59570836147105,1,39
13,6.82675014868195,1,39
13.5,6.89806411090745,1,39
14,6.46763617805359,1,39
14.5,6.5264099343713,1,39
15,6.48175335684371,1,39
15.5,6.65331503642917,1,39
16,6.35157942279059,1,39
16.5,6.59954660109398,1,39
17,6.57350712691341,1,39
17.5,6.15822016945466,1,39
18,6.31658308578856,1,39
18.5,6.81105902469769,1,39
19,6.99702335156288,1,39
19.5,6.4983120272629,1,39
20,6.1874639697028,1,39
20.5,6.49312699648425,1,39
21,6.54248185125844,1,39
21.5,6.63375921945251,1,39
22,6.49552401949214,1,39
22.5,6.27506103005326,1,39
23,5.94159693317697,1,39
23.5,6.64247767838391,1,39
24,6.31069389798331,1,39
24.5,5.8965726037572,1,39
25,6.432483105733,1,39
25.5,6.42331907369528,1,39
26,6.51912406983894,1,39
26.5,5.94172908736741,1,39
27,6.25735393509328,1,39
27.5,5.90092149101255,1,39
28,6.10395738706664,1,39
28.5,6.1385815270285,1,39
29,6.10794817978399,1,39
29.5,5.90567673898571,1,39
30,6.30287951251361,1,39
0,2.3891057630752,1,40
0.5,5.74844508245442,1,40
1,5.98661208444021,1,40
1.5,6.42018417179521,1,40
2,6.53776396771575,1,40
2.5,6.50898120130642,1,40
3,6.50392372470876,1,40
3.5,6.86631503656381,1,40
4,6.28217288470106,1,40
4.5,6.90037820945919,1,40
5,6.74194636179723,1,40
5.5,6.80130561939197,1,40
6,6.88214051651639,1,40
6.5,6.27211644208859,1,40
7,6.42819537931012,1,40
7.5,7.04968241765371,1,40
8,6.79642777631503,1,40
8.5,6.48920645949806,1,40
9,6.50963576928327,1,40
9.5,6.67745573942938,1,40
10,6.29131390822632,1,40
10.5,6.69748154581883,1,40
11,6.47095101435805,1,40
11.5,6.4433767630257,1,40
12,6.53036533814613,1,40
12.5,6.49965602139832,1,40
13,6.49287109081599,1,40
13.5,6.50704343100878,1,40
14,6.22540341259384,1,40
14.5,6.45260699385042,1,40
15,6.22223041984348,1,40
15.5,6.01402351599511,1,40
16,6.45131995053674,1,40
16.5,6.27995188442067,1,40
17,6.12168785956921,1,40
17.5,6.19054641451704,1,40
18,5.78178377477927,1,40
18.5,6.60465514348376,1,40
19,6.20955029277179,1,40
19.5,5.98737406526266,1,40
20,6.04719337908781,1,40
20.5,6.05589835668014,1,40
21,6.05776681905827,1,40
21.5,6.4120840170347,1,40
22,5.91249288977219,1,40
22.5,5.6805239964864,1,40
23,6.04912133211015,1,40
23.5,5.74225528361876,1,40
24,5.68860882804263,1,40
24.5,6.00578526344008,1,40
25,5.68561287444612,1,40
25.5,5.75002571860555,1,40
26,6.09646625215438,1,40
26.5,5.34381172768793,1,40
27,5.54517130162137,1,40
27.5,5.43697067890849,1,40
28,5.78409050234086,1,40
28.5,5.68869987933932,1,40
29,5.70384167548251,1,40
29.5,5.69846615523578,1,40
30,5.75794531833008,1,40
