time,obs1,obs2,obs3,obs4,obs5,obs6,obs7,obs8,obs9,obs10,obs11,obs12,obs13,obs14,obs15,obs16,obs17,obs18,obs19,obs20,obs21,obs22,obs23,obs24,obs25,obs26,obs27,obs28,obs29,obs30,obs31,obs32,obs33,obs34,obs35,obs36,obs37,obs38,obs39,obs40
0,2.20891646584084,2.54440261860983,2.03721107293218,2.10051443513743,2.16417275682563,2.14505947760571,2.17749285816946,2.35941813012608,2.2507201320797,1.89072003980767,1.90925086221223,2.02912037594364,2.06258994194475,2.19592286705911,2.11402180842892,2.06548798148088,1.7698658373057,2.07952133477821,1.9446637184478,2.3512776878189,2.05642980652289,2.20579085747328,2.00727154672831,2.03737017679434,1.96380660069572,2.59701221320076,2.37788363764223,2.32079509769491,2.03115453774277,2.15969869687643,1.97344898110393,2.17351916919618,2.28734778462368,2.06651781284407,2.0159222142095,1.90808416771473,2.0360290153923,2.11490720969867,2.08643390899098,2.3891057630752
0.5,5.69582264738434,5.45345007584632,5.38467735004688,5.21318414095136,5.49644974892477,5.72798687088353,6.17629797766065,5.71055435161604,5.04447782247289,5.36822683090514,5.45936760557101,5.82043295165664,5.48332338398593,5.8830538985799,4.87051370185662,6.24956010926531,6.19725681409748,5.65705917847135,6.52165051515374,5.81363467123897,5.92944086603188,5.24699849677109,5.58714233076765,5.99335312750439,5.38370179266621,5.79037555979878,5.48929946305923,4.78680284824351,5.5553391059698,5.66660759268036,5.62940485974253,6.08196375657047,5.62665532701833,5.92522421362785,5.78694983628471,5.36994445299688,5.46687519984643,5.81785255784393,5.77933534529794,5.74844508245442
1,5.90718149144462,5.78648208350689,5.72592450602027,5.93996096953267,6.45214456532631,6.40015479528223,6.41895463529559,5.80930570809606,5.75475469462298,5.5085894346324,5.84760137127541,6.21974008188877,6.23452309471164,6.55564795612305,5.86564970202171,6.85355844455639,6.35965187107759,6.27659875315825,7.0564774581544,6.43131688202654,6.23646701419705,6.24558688404872,6.14925589949456,6.40936158718034,6.35637026795783,6.08319360571511,6.18710089465684,5.58313380186411,6.3967488175476,6.23377548208804,6.13686896431949,6.31788650229046,6.91330785600797,5.85896258425287,6.20260710081758,6.25106357589994,6.61231077778053,6.14597351653878,6.04087043720531,5.98661208444021
1.5,6.22899710735517,6.24728103548712,6.48976333810386,6.28051470550083,6.83717567786302,6.5218366407523,6.92886497122407,6.41624393909112,6.10196247069596,6.31229052898996,6.12470765357032,6.23744738870573,6.17620277204647,6.23484195893335,5.47393051492991,6.80532173559231,6.66799525843552,6.50388895690719,7.23707486518231,6.83389378340401,6.41891827340709,6.30055925189944,6.0678211965014,6.34396683049303,6.3828961128929,6.60812541329996,6.51008352763665,5.97726423366147,6.44035007255498,6.32157161212653,6.4870420551797,6.84586784063156,6.88677844967071,6.19751224646026,6.18749222194138,6.24505958004881,6.77963701298339,6.57172564659842,6.09062434058362,6.42018417179521
2,6.21113382181908,6.33109126680194,6.66214714428862,6.76640574663493,6.47890410795473,6.00058179801119,7.02854292945101,6.59285095534949,6.256817606616,5.86495491599245,5.96432392204346,6.67674864682895,6.82043736004515,6.34794448110457,5.85255849874004,6.75901666281525,7.126228492324,6.35499346583928,7.17162399890634,6.85188516688857,6.52854901452434,6.61486472772301,6.44995021198492,6.78736402532321,6.52814987636865,6.79973177763957,6.72927390211963,6.37954236670243,6.73199040518277,6.73114278811143,6.80274991585166,7.07128152217748,7.0756707290941,6.58161738456803,6.4241165867154,6.50065024752763,6.87627383482386,6.42263462508874,6.56530302869348,6.53776396771575
2.5,6.77465340711796,6.81614409079638,6.28205005970437,6.60023079866357,6.54587320983386,6.77896596509817,6.82894186423534,6.40299279736287,6.83512145036079,6.13810184157855,6.62250164062435,6.55351249329765,7.19094041584995,7.15200908460694,5.996693076643,7.21243246438791,7.08251091716913,6.65245667259598,7.61446927431573,7.1689924123249,6.70885224408749,6.45819894477336,6.52549488199548,7.05328846916403,6.451221389842,6.43273681364628,6.57526210397261,5.92876663074726,6.63006433481041,6.57426044999156,6.72468729286238,7.10082145331479,7.43466999365388,7.01221534985759,6.3575520485202,6.96646913796314,6.77877471536049,6.68141660156259,6.79954826756925,6.50898120130642
3,6.12552890337596,6.39167379457574,6.74215299204903,6.96349470486687,6.72654913847618,6.80579356897861,6.83849471902502,6.59105617960229,6.27506786963646,6.15570949588561,6.19617442710178,6.5949764805128,7.1951260299251,6.65546040241758,5.83707287519909,6.97497712281593,7.56732725664365,6.8451676556391,7.2911152030842,6.70245366434726,6.79177816217585,6.48525456815493,6.35030504331359,7.10955997476072,6.64195281239021,7.05384263238388,6.41971663987599,6.2191140517086,6.6943489970862,6.77317367583074,6.93538291675201,7.58331709294233,7.39570584727689,6.34461687412481,6.34911330656832,6.4178174101029,7.09045574772393,6.76272199763339,6.40608064033636,6.50392372470876
3.5,6.56925270930715,6.40556158950052,6.72095927327638,6.73930592378352,6.8002139109656,6.44448735602765,6.78793872909352,7.04907443131118,6.5360532601043,6.38002301141121,6.4607081888695,6.51845846628384,7.33053981988629,6.92111121826874,5.76369915649775,7.08427743771751,6.9709846464061,6.37223771659716,7.51571403983993,6.84758797973136,6.91791563700879,6.52398293814809,6.74354810007545,6.99306496350448,6.43352734404447,6.95276805246056,6.61918387749602,6.468216584311,6.99533022605442,6.87935045038028,7.03385251382923,7.68754169434041,7.3499277518905,6.84984322850632,6.58089366888083,7.01239977438641,7.01114131073784,6.86523153848116,6.8576156710952,6.86631503656381
4,6.62151825242542,6.62118094110871,7.02447798809183,7.01748147777374,6.48038544483908,6.638334406603,7.04690808614511,6.74640318005784,7.07416383226989,6.18709148217766,6.38974176324892,6.57083414312142,7.27192031791164,6.69651520008558,5.89464807967029,7.04199500637869,7.16235354505108,6.88309659545083,7.27179054260676,7.21201958765957,7.05785591499297,7.00679702581773,7.13805767556637,7.40457252020547,6.5988015613174,7.08931416918274,6.90025294090371,6.26909355574394,7.09304755971846,6.59540400437513,6.61591312312683,7.44861797113942,7.5863884010919,6.50573640673769,6.9196735659606,6.75835162755245,6.80470251819333,7.22106240842978,7.05314137821229,6.28217288470106
4.5,6.68554988880973,6.69575746104888,6.90989595064314,6.67116153393642,6.71794530370344,6.58753071990629,7.17295635461434,6.78120705514959,6.68455321015681,5.97255040922197,6.65644487038667,6.28779890640437,7.38975034581453,6.7226343017402,6.00132689858735,7.04389158167814,7.07476142441022,6.82325531007186,7.20741100249021,6.96422304474172,7.06985736920241,6.79893107950807,6.80578950944588,7.25132117782915,6.94239094705435,7.13839623905753,6.44840832505031,6.63372408946895,6.69792476125231,6.22801322189767,6.90669997304084,7.28503814182716,7.63422784657467,6.94882184851742,6.42176433148496,7.09875468239315,7.4873063998236,6.65226109230358,7.0274103700264,6.90037820945919
5,6.21572469520327,6.25277723597946,7.05856887951269,6.80680474538852,7.14733982981418,7.01166262344265,6.82487507254354,6.80558181358587,6.38011245155329,6.2758558855966,6.38977603618175,6.71910194607709,7.05183097458558,6.60234739358831,5.89705311432688,6.89184565899804,7.29158822746759,6.58655873531378,7.08493424040035,7.19170066371208,7.32784386291763,6.67859764167718,6.68414458777423,6.84920161165039,6.48648744777677,6.97028513557531,6.54020395583347,6.54410417838101,7.06475303522014,6.27389069268018,7.17821696108018,7.38641946213718,7.60325843286178,7.0702422082802,6.73012731724313,6.91577461975355,7.27767642216887,6.64664781921775,7.03823653861553,6.74194636179723
5.5,6.80509349001182,6.7559124548339,6.87626617764699,6.98106661856506,6.94278080406305,6.83621045529611,6.85744688465911,6.70339749068301,6.47738171448936,6.22676985933096,6.89049205122709,6.40903334633058,7.23321854213889,6.75165720756508,5.53034124685649,6.72341912877728,7.30467594265319,6.64483319707087,7.46913113064552,6.65363636011034,6.93285672599289,6.96686986519945,6.99898639716279,7.27622305369239,6.57320643106977,6.94917387211438,7.05788426810652,6.63006608458457,6.93164343604,6.46307150276969,7.42338157419169,7.56116507324416,7.54749176637775,6.59297599195789,6.41353954582295,6.84381874184273,7.07628897989649,6.69306799931426,6.70722236919412,6.80130561939197
6,6.4048417500694,6.90604701630271,6.56107119307213,7.33053875712827,6.47272122851341,6.68530865365438,6.74734835680391,6.59772546781221,6.82740203631238,6.04460019773193,6.9056357681294,6.88039338318282,6.87710318344709,6.68252606903015,6.1531708514982,7.02810879245298,7.43039106994836,6.58671511878681,7.11746572628118,6.60764890013146,7.2877399012023,6.69718756493988,7.2933822367814,6.97987991881618,6.24968419145017,6.96656603704281,6.6379069912692,6.80525915683974,7.04997460918592,6.51044034808609,6.93609310793351,7.54393354684766,7.57826095941843,6.75691396694811,6.39773250045277,6.56006912366881,7.10180176762132,6.98023322413552,6.86835635033335,6.88214051651639
6.5,6.63042953931589,6.79541767734192,7.11922674419473,6.51486417188754,7.19873778764887,6.26563086985735,7.01485505628509,6.51913205542755,6.86080362874676,5.77052756275083,6.57367168560244,6.87945899596515,7.46657791565629,6.69912747729003,5.7277035675432,7.24853015649854,7.22791530364308,6.78258567310852,7.21568677983554,6.89861353109924,6.9520896320281,6.60202638372911,6.75688169818793,7.4953837531751,6.08541155898788,6.90513921370054,7.10751757873902,6.62474346739738,7.26934562377121,6.30071256577556,7.05541329208728,8.12234083341848,7.26434256568542,7.15571866070712,6.4714064176468,6.81956379824904,7.36728542952558,6.57390886570184,6.90058793986397,6.27211644208859
7,6.44615145989179,6.90621904721158,7.05652355575086,6.89809906874839,6.61848318178413,6.69414563531711,6.84868821855176,6.48334322624871,6.79281832390813,6.14206434929027,6.41483065915508,6.56217503163423,7.12779946420868,6.59909959431085,6.19764178302568,6.65502300826454,7.32009285653026,6.72176270692202,7.39190604234782,6.79519095623488,7.24636416212657,6.73480579443027,6.77238263764626,7.38329672428776,6.19059294189628,6.3951628712968,6.55170098864133,6.89155427448278,6.72444328157501,6.25904886202393,6.84749966733729,7.53775047552695,7.63405998568669,6.7834175931356,6.5572190809474,6.90485778123192,7.10445740656038,6.35132429437988,7.33434159545663,6.42819537931012
7.5,6.39955662081676,6.83341983053235,6.93116660803603,6.96083520462062,6.6276002015437,6.57306094060353,6.82629310414762,6.51139008292467,6.72227040284053,5.99078955740259,6.8655137860487,6.45987176260987,7.51349272286672,6.73944642352839,5.7899258957494,6.90083753753878,7.066699611789,6.56631952854534,7.53720263699212,6.37167640807011,7.38009556337391,6.52083134285761,6.36172939460067,7.21550660992407,6.23920614378465,6.8163458683482,6.61462756982537,6.84488960431407,6.912908638795,6.39095389912898,6.90625951326027,7.84517684763697,7.22210796342242,6.73032896246389,6.63957177473281,6.92769060285946,6.74788395929344,7.21764186670775,6.73184857560021,7.04968241765371
8,6.32251575421667,6.94902996549909,6.98931283813447,6.76069859281934,6.91345890285519,6.85541944934508,6.98160016023009,6.50674134706397,6.75014330440879,6.35307477732263,6.54711537506234,6.48689749158441,7.09009850063638,6.45035205491909,5.92412397579559,6.76203707087175,7.3195746787296,6.52418680427585,7.28271703220724,6.43437339672729,6.69291530600751,6.49532036416657,6.83317499130032,7.48052992629753,6.41547637829396,6.91232389911205,6.42775830108088,6.46752375279976,6.69723800186862,6.31373588568066,6.71582246440874,8.01529077500431,7.18086339558199,6.85756111799386,6.50479781684849,6.35264863915799,6.83626689820993,6.85394046136925,6.74016240686275,6.79642777631503
8.5,6.39047849382688,6.70163702887677,6.95920838775799,6.63462172576089,6.41791787459386,6.61658521866865,6.80916322312459,6.66209839848242,6.73202479313884,6.22153751669516,6.64383936765349,6.21478473491477,7.43288231439249,6.55866025940957,5.74428970950622,6.67959295180294,7.24219321020669,6.59224416090101,7.21512094094251,6.56773827400663,6.87476932017734,6.69812330360583,6.84252117740838,7.29758654335147,6.28190076517213,6.68671393394765,6.71212121838295,6.43211296169077,6.53013634543787,6.36559398769315,6.84927361374378,7.93717304538684,7.21415748449556,6.46253522754901,6.12483329336001,6.83343308412472,7.17182945805298,5.97474532539648,6.91790513976983,6.48920645949806
9,6.08714873419185,6.9608294991512,6.56514181118844,6.7094996387962,6.45407884421033,6.19247291785241,6.89917754161873,6.21986254302135,6.75381542294728,6.27141375539884,6.46113841605498,6.12567033842975,7.14628598400503,6.75994150919325,5.66731180071266,6.86208710909138,7.16047818771184,6.54146245998089,7.41491767885461,6.71164339535496,6.92316563202337,6.60765561327849,6.86418239772813,7.11251306221191,6.72555971345904,6.74588111522184,6.52843439740811,6.34262667036639,7.1372830604444,5.99708391577959,7.0284314358671,7.68000040445773,7.13854329005564,6.25596997618297,6.27440294194283,6.6671304466141,6.91654195695977,6.46642399668503,6.95393088671665,6.50963576928327
9.5,6.61620845979197,6.68438077066338,6.75142731744634,6.53698136391241,6.70993839926444,6.74023425246939,6.67656466291941,6.51871453324227,6.58301095932061,5.97735403394029,6.58875860315132,6.44222147222643,7.05368183094865,6.89768153401591,5.64280420502949,7.08559951136693,7.05805918152328,6.36822321468055,7.49675466337795,6.84749284499495,6.91159775802917,6.91604216442641,6.3387813875928,7.19025252469246,6.61679751902077,7.02050649136439,6.08079343719148,6.53824438466758,6.95953830716213,6.15974093252655,7.0138909780797,7.52017649740159,7.08622387716512,6.89169628020172,6.15376723144675,6.92111166550648,7.28219522293497,6.47707235885476,6.83635367470346,6.67745573942938
10,6.29885906053132,6.60666841116472,6.70457149899014,6.79515953162009,6.47876009932088,6.45519441980323,6.71451508324538,6.4400376477927,6.47259521010742,5.89060602161953,6.50820539685585,6.12650775905491,7.34091667221627,6.28563463349025,5.3214239005151,6.79337119024761,7.20694090127116,6.50910947565543,6.97233185601682,7.01920679272319,7.03707312242359,6.32996916639254,6.39069622219231,7.37324111536151,6.07530170723545,6.24790388629311,6.20126904153851,6.89845747117471,6.84177851525059,6.1242211775251,7.18440357324312,7.57260391249548,7.30827503154569,6.73747754009913,5.98427008311195,6.51293661107659,7.04390195939729,6.96733030937953,6.75177054828309,6.29131390822632
10.5,6.03801626167807,6.75665579504529,6.57310098315961,6.83755331376744,6.31611662575921,6.08391175938813,6.91673439811541,6.14416775660179,6.61301747929067,6.10542745957191,6.40114426086553,6.39208288747201,6.74995494123832,6.56628673580239,5.66660067642149,6.37400498627242,7.26156551071884,6.27769736361221,7.25988701190065,6.7944485506426,7.02308635226552,6.94717325849503,6.68209630515968,7.06398318700156,6.58226392664202,6.7915096776935,6.16394476659923,6.24825208819123,6.45487677069319,6.07258403719579,6.97414365346178,7.75105656429433,7.31695072122518,6.9868022336755,5.79063691208553,6.41993026108701,6.91900440900568,6.43065737488401,6.57098043912254,6.69748154581883
11,6.59435168937798,6.99578682697217,6.79170951971875,6.97697914153849,6.6437805429412,6.37687280153995,6.46397729640785,6.36509264152336,6.85010277524361,6.00105300730013,6.64971197318211,6.37870235261668,7.18702080276967,6.37080880300447,5.68966324593936,6.63636319752252,6.7846567435124,6.66157059211832,7.14947613830507,6.32819412507394,6.6927454498151,6.51388965170205,6.42752240998622,6.98041447158505,6.28332572378324,6.67639648128541,6.2768532470608,6.16418217354658,6.61319692240025,6.22047235881896,6.74039421626266,7.61024116076741,7.17900061242139,6.56202171355106,5.90978700612559,6.75660273904536,7.06239907139142,6.59592179644242,6.58182079711348,6.47095101435805
11.5,6.44993388614888,6.9267688360529,6.46811796912755,6.65536664633448,6.37153876164669,6.40912079717984,6.69885060084785,6.03267070424286,6.59841774104977,5.89140384146968,6.50228276645482,6.60864421057532,7.37411865404593,6.71519431414502,5.75221679384357,6.31881416575612,7.23508093276543,6.46706821672489,7.03922818982527,6.63513379142566,6.74862518999568,6.48502082267556,6.86799634196615,6.89755586393625,6.26820782684235,6.34345674620842,6.54989949976733,6.42042992833177,6.90903053000408,6.22188418026227,6.5878952538485,7.30011190907239,6.98699548802891,6.72019727309793,6.00475790821945,6.83136429595267,6.86064702798324,6.29775833791507,6.47898601501528,6.4433767630257
12,6.00791556331019,6.46175253360251,6.83455273492391,7.29895712551011,6.41181529497878,6.14822274761264,6.45325520155526,6.31110227947288,6.5466766387035,6.13691619994468,6.36875949650055,6.09485400577459,7.07156594373432,6.39396773932693,5.60315791757222,6.76663553145028,7.03482191403251,6.36539229325523,7.46229990039563,6.62424104881579,7.27228273348412,6.72837553426213,6.83336141031647,6.53090879279316,6.1955339963951,6.91404475368311,6.09601996688873,6.27974076715796,6.88875148426016,5.98526458060256,6.71399402742085,7.7671118449213,7.5159414914103,6.71373465167931,6.18922328509839,6.38469590979025,6.50101960480043,6.34551722310149,6.71747405439561,6.53036533814613
12.5,6.45305447390999,6.902160536562,6.21883826751992,6.99508091165818,6.61307730602714,6.44834878503933,6.50414443764844,6.42499100310082,6.58995122312825,5.50637042170526,6.3923917670605,6.35135344011827,7.28097951304298,5.94615984883103,5.63221354328746,6.64795013836829,6.98758133084109,6.51002078355749,7.22847858585077,6.22904178336496,6.45576780742855,6.46714983785428,6.48156898652856,7.23387873000759,6.3849603903722,6.48047848312331,5.96548145430471,6.12037768051593,6.65353933515763,5.94199498197981,6.70461638097381,7.44731392060081,6.81384261142825,6.50085575954341,5.61468864568971,6.56354784290526,6.97846596981376,6.45280051875782,6.59570836147105,6.49965602139832
13,6.13183146877205,6.35796420204201,6.6901033256988,6.77702772621631,6.68725046165761,6.06031386273013,6.51572381192689,6.20533314984519,6.42509485909232,5.74276404910412,6.30556451791814,6.44611732927896,7.22622606438459,6.2056450858128,5.55717471372086,6.53635547837783,7.14662035912272,6.17461638123572,6.77474468688564,6.39730169025216,6.98391607697639,6.94413037571011,6.48206055680158,7.06437554739852,6.53092346491513,6.75096128821542,5.94322765799876,6.30430895680516,6.81100361490647,5.87123490746842,6.81923463735117,7.69061364307567,7.05260119327786,6.63144522634217,5.67071394335889,6.49544252518635,6.9794625081,6.42715575679188,6.82675014868195,6.49287109081599
13.5,5.87123953682637,6.51775389888085,6.4978085274669,6.79491239699664,6.40616165916974,6.25016711747532,6.40874829277077,6.03510778442271,6.42539024606013,5.53941987847182,6.19870055971169,5.90792290427672,6.94091698854303,6.13284190350205,5.48823289016098,6.3131725248775,7.51128978450969,6.17323579730306,7.13794781879534,5.8319525509138,6.54976532188583,6.50269739591128,6.72814816750701,6.78616665813475,6.16503459871915,6.22040578305602,6.5144102388694,6.21871614562595,6.49609943948047,6.04324167173457,6.16572249797684,7.59196224848477,6.77796645067226,6.14176364176077,5.75942404167069,6.43700190703805,6.82069648415536,6.38825650341838,6.89806411090745,6.50704343100878
14,6.13442501800312,6.4680182704263,6.9072113032967,6.89631857356317,6.50048369970675,6.24944395516149,6.34985925772362,6.10413634638206,6.39485059885673,5.46082862232472,6.3805287401851,6.2771427164422,6.73166563815641,6.24822612989607,5.36766062225396,6.5577694340071,7.10548091203762,6.78588317761717,6.6857878213174,6.16136277476973,6.90970120785543,6.42587281807618,6.62063601045872,7.01584751003208,5.78617127859171,6.75338547266517,6.32549579157923,6.09835949672073,6.43682842371416,5.77475768027147,6.48509164716941,7.72827110564901,6.89641161299525,6.56169304934309,5.84075646246933,6.57444074548664,6.84050096081405,6.67571127011077,6.46763617805359,6.22540341259384
14.5,5.95188898962046,6.61720715184169,6.35396253486067,6.77522330506455,6.46889930136939,6.13180324792468,6.23733688468843,5.99598824451198,6.25305652257992,5.5784379586928,6.54408368723742,6.13735712046302,7.1238120174985,6.48470416040959,5.5442539617584,6.48445183093946,6.94005223548686,6.28262188306696,7.2993635968672,5.95428172423463,6.50412051487374,6.87052976069937,6.57412324306467,6.68119864267994,6.07497177730018,6.27311607537423,5.97275184883055,6.30569250535396,6.88859464199214,6.06762579598511,6.41301121682779,7.185971971747,7.36664587070016,6.78129520431271,5.31069121481629,6.50964547532137,7.06263134215483,6.37792247622257,6.5264099343713,6.45260699385042
15,6.10216582754457,6.57390029621337,6.63518441238357,6.85347527687534,6.40914083597054,6.25146253090211,6.5364938729029,5.95863744689532,6.41790480232685,5.46238912419408,6.54671029433703,6.62824141935637,6.86885013454843,6.29709359744492,5.25895017028787,6.52058225348361,7.17428745842828,6.6297342078053,6.83880342860122,5.96278675224672,6.77641190060509,6.28611130244933,7.03106649911812,7.07941559689989,6.14901923036401,6.67869433729318,5.66144569145241,6.06903164136144,6.34012054805231,6.00779763897359,6.70344228815951,7.58639969187106,6.67183030375258,6.40353787362547,5.29010047185531,6.72641587829321,6.94693491803717,6.62416493916959,6.48175335684371,6.22223041984348
15.5,5.98384697938814,6.67277172972511,6.457780784295,6.92422131200261,5.96965188375458,6.14459420161638,6.39087227191781,6.03796796773294,6.14968171282898,5.74577346463319,6.1164058719382,6.17369048754387,7.10001992480275,6.07590071450943,5.29652118833361,6.08675974383676,7.01371661699773,6.47051189563138,6.95476077168642,6.05748081353812,6.81341815230933,6.34453597161712,6.46338532617441,6.64447462883015,5.9029609905357,6.09746234781352,6.27285192859938,6.07129836758908,6.30330897822605,5.94104310545262,6.47873637793713,7.3375456411519,7.15079866176592,6.4519329851111,5.28856527939188,6.17685400608449,6.98293088833504,6.40287481866776,6.65331503642917,6.01402351599511
16,6.14122775633786,6.2811409158041,6.65483220368528,6.40839223952115,6.36310881612628,6.17193716093597,6.24543135667549,5.56254835553157,6.5883991214939,5.3983272714009,6.14068934887725,5.80931996697687,6.77897971366579,6.3973047208471,5.53045854011876,6.31919039925525,7.0223681977463,5.86725515939877,6.69186940971028,5.79247527933271,6.4706520723359,6.38673453410199,6.45242382374901,7.13234115105232,5.82290110676753,6.41390927852306,6.39153798660358,6.53606030015015,6.48924436587429,5.73645242929287,6.30896399096148,7.44629213293353,6.38191762978047,6.3985530198695,5.18206927808753,6.36445494176293,6.8380090787215,6.5584949908617,6.35157942279059,6.45131995053674
16.5,5.94017402049489,6.43401610228795,6.16482084427028,6.51902851199307,5.97739369999272,5.96793080290326,6.45634211866681,6.21970721742364,6.22549306913892,5.61988192700335,6.42403523126484,6.21933992457216,6.72022946413983,5.7683866881557,5.47155866265101,6.2351492473294,7.11337141150686,6.40411554678129,6.77558871421048,5.86186641508579,6.52265061177441,6.02495487845735,6.55440841769124,6.93040647145055,6.2538993740578,6.33289256385965,6.12636613693661,6.45771528305269,6.18243365434238,5.9253314694562,6.31861062460915,7.11212190285002,6.4206434470915,6.53670723945113,5.24895545231134,6.52884092022732,7.26095012619209,6.66667161381128,6.59954660109398,6.27995188442067
17,6.13472671156789,6.38517220693616,6.15160204758222,6.3849043015514,6.23034559939188,5.86814098196717,6.77295807036754,5.93638983995521,6.32600480816107,5.23845726578344,6.54347287774792,6.20922265144488,6.93146892772298,5.91420716834812,5.06960218130926,6.0018146272232,6.74846635824808,6.13472360176322,6.78830831975984,6.03261684455653,6.42785299537595,6.46635854188865,6.74270392590734,6.90634217529013,6.02363883097143,6.68125562510217,6.09733900590761,6.05029028847538,6.50638563697904,5.69968419655137,6.40645020651772,7.28567155321324,6.74876730111034,6.29024671386673,5.62844527117439,6.06545707608377,6.59090913319007,6.86106911563217,6.57350712691341,6.12168785956921
17.5,6.00101087250439,6.43491733333669,5.85175161507362,6.38730036219644,6.28124024779385,5.73889949816428,6.37111651281821,5.6035828335056,6.09606705680108,5.26816192168288,6.32698156449603,5.82533140476698,6.80781142976153,5.83248930662839,5.22562432780812,6.12179116615907,6.47120304082726,6.16708057571996,6.54852162978046,6.06611196466085,6.49179452406344,5.9191168203393,6.09365146246541,6.55428023609442,5.87416295732403,6.13449493826705,6.15138990774895,6.26176444230216,6.14559668513707,5.26154021541192,6.03597577680144,7.43787278328892,6.84377733473633,6.12346375682982,5.63574320038151,6.27369081658295,6.91310007560041,6.67863740022636,6.15822016945466,6.19054641451704
18,6.08149825137916,6.49414224519964,6.40091766507095,6.64168061625223,6.50457139256576,6.25980905166501,6.54573407521758,5.59453466627201,6.16728228765396,5.45374764127063,5.81686367118936,6.10523271898039,6.61877126045976,5.78166841977599,5.40608563762027,5.82295917282765,6.95669049569629,5.91625512203327,6.46013341436459,5.79837413519677,6.40034334998531,6.08552534113183,6.23550664716743,6.46340465146642,5.91072972526723,5.97053292432185,6.02669557644981,6.35253619835999,6.42532125068814,5.28052682278728,6.08483802576521,7.52644161342224,6.83811757182336,6.54988074963799,4.97522966447703,6.46666659602278,6.75482912327519,6.20431526170153,6.31658308578856,5.78178377477927
18.5,5.71851746898931,6.46871658315503,5.94105545477736,6.55175136353784,6.09212549460046,5.96710063253106,6.42972390415762,5.63466277276698,6.12412628366971,5.00889016547054,6.24196189176887,5.56448983177188,6.90868861610093,6.24995066788435,5.23254903567093,5.88189220391579,6.74412403133188,6.24866193861512,6.86640220484932,6.06019299846475,6.53114984959978,6.3008056291648,6.29076925359963,6.95297279684892,6.02494710116884,6.29588195788437,5.85508728514612,5.90090017299411,6.45461368700594,5.58177962809969,6.30297618447149,7.36179993985575,6.32036701414174,6.24485884955354,5.33096750945369,6.1174396798966,6.75822389280775,6.21213644097924,6.81105902469769,6.60465514348376
19,5.79409554581395,6.5565376090394,5.94176146238054,6.69980738334922,6.24780085468695,5.92638061259273,6.29819106225641,5.67752720789301,5.84891914488528,5.15197234548147,6.19334221963596,5.949504821804,6.53505548922225,5.64334629730772,5.75975698710693,6.12462169731121,6.81492778177821,6.1299870699649,6.57354997299913,5.97005990493685,6.49627777656202,6.0496261134539,6.55289476528782,7.24522091841748,6.27899509250168,6.26965349317359,5.51782825817849,6.31663978665492,6.60999866402266,5.06357485104903,6.31449421435586,7.4411347655661,6.59217534901018,6.42942068013139,4.87726307322703,5.99125851473735,6.55902559676922,6.54562526204491,6.99702335156288,6.20955029277179
19.5,6.01485519443038,6.52729132326907,6.60400561973831,6.45103066962458,6.36305778049094,6.09020502879695,6.37457947895732,5.64677395762525,6.36019224269938,5.39908065583238,6.15089098921834,5.83722464641896,7.05781848428531,5.56545417862591,5.32443903591621,6.13734737061907,6.74283149718245,6.02762629999463,6.83553371238679,5.67114274817757,6.38142850976931,6.52762226929668,5.90375935562118,6.79008818379155,5.96352067223259,6.15387620202442,5.77656326342818,6.08993321142487,6.68256975508957,5.38360610023253,6.1598529855045,7.28047008592059,6.29582705922352,6.27881174112986,4.84031153904782,6.17698877492171,6.52204516319294,6.42884812674622,6.4983120272629,5.98737406526266
20,5.80031725755229,6.16722294595563,6.0219466789138,6.38060655893673,6.00183583042275,5.53906398793371,6.28208121008243,5.79673901129793,6.14292765423589,5.54153437057049,5.56406152450203,5.77341246566382,6.62525643868536,5.86570011839433,5.39652955275032,5.80155351244616,6.65491558666192,5.97210648276492,6.80311912034316,5.57464101458694,6.04681898075145,5.92811826939333,6.26762504924014,6.43802212279168,6.19116271786849,6.17600591777455,6.0756486044408,5.9601018674744,6.42613316080805,5.67426446301056,6.03735064338645,7.24472519997655,6.85235684231909,6.32538096248523,5.19014859568897,6.31670075104747,6.86580367599714,6.36065744430423,6.1874639697028,6.04719337908781
20.5,5.62892731876858,6.35710669332472,5.69889667129837,6.19565756196265,6.06479727536899,5.76025633533641,6.2899701780884,5.19366797525336,5.92123560757003,5.19168637430234,6.26449923029837,6.07595034898472,6.43373194711802,5.47664763503367,5.09468294012858,6.0977267004193,6.27526905207536,6.01820504928336,6.53878590953372,5.49227666526514,6.40473857930888,6.07408548797785,6.19588352912262,6.86827515775545,5.90042178190648,6.14830993733126,5.81493940140497,5.90294110712893,6.40668472361062,5.63558979160669,6.45146833400612,7.32146038394458,6.48756836827867,6.09924707106632,4.42895690226545,6.25352520918866,6.81990433035192,6.30276347623299,6.49312699648425,6.05589835668014
21,6.01409547685559,6.23691811295486,5.83650360925549,6.33012034480724,6.15553371397084,5.0775855365884,6.26315667949465,5.456773897389,5.78462977583973,5.29720469741325,6.00046553213289,5.73172807165846,6.40911136068828,5.511569820919,5.03992115384845,5.64453928546,6.62664005791628,5.97234790206086,6.44243640501195,5.81864979627951,6.40458491450038,5.82420212516029,6.59336848233036,6.75809891145862,5.85590358843595,6.33532483517262,5.72519206495386,5.665390598512,6.42263085031911,5.15496144666304,5.78547623473755,6.80505598623127,6.59577930672043,6.29204915628731,4.64265959597488,6.03940365114291,6.44597618049519,6.42253016377962,6.54248185125844,6.05776681905827
21.5,5.96309975725029,6.32531434450482,5.6214885200978,6.28815655709597,6.00977885856997,5.66059029973628,6.46881543713144,5.45560585661287,6.30819337684153,5.25721943173291,5.91225773362588,5.73983399540952,6.6209896361348,5.4754257716431,5.39056108984279,5.53962623488556,6.71055209673044,6.22983435458947,6.43154396651611,5.44919935882333,6.1212906867377,6.24677951322736,6.69658944331257,6.99469233413816,5.84282061859197,6.0440289221613,5.52246109770127,5.78871508794222,5.86243796462568,5.42141512593692,6.02321763496791,7.33226090286652,6.4811737904432,5.95689700595482,4.84006187035919,6.12594467511059,6.68259304438204,6.5106311807211,6.63375921945251,6.4120840170347
22,5.51258726354945,6.23963369543971,5.83504464408261,6.56292566429569,5.95895129850958,5.49827294782115,6.39765133152606,5.60837446307314,6.04321858893642,5.06634985452607,5.87691280218164,5.58633594056366,6.64990828443637,5.49796891106354,5.23971338669571,5.5492928005644,6.24074906456549,5.97834187628781,6.57613828565429,5.67412328989918,6.52530388754189,6.10429164038432,6.32769211772424,6.51680323969648,6.19439473597237,6.25470490311572,5.88992071136552,6.09035904462298,6.27934265853419,5.55486092404133,5.9039829995567,7.32019385993485,6.47141294897512,6.17498846208096,4.47918660132203,6.11582281022261,7.00768024410351,5.78091147251761,6.49552401949214,5.91249288977219
22.5,5.50318822652668,6.17299152257923,5.99265492297942,6.00041396244788,5.95407780392279,5.60498623171291,6.46679604155441,5.39225410802735,6.11793383207738,5.16519556186527,6.02647484680705,5.82418538093802,6.62034084968726,5.71411516723472,5.45803298588502,5.58846663224642,6.62972406926039,5.76353668211972,6.47402982213867,5.61618196101381,6.26488070763045,6.29056286307829,6.20217245254951,6.54311142787227,6.19579538712014,5.70645446933579,5.56940106137563,5.74211074841529,6.66252845103917,5.12768580537398,5.43340589285685,7.07184323107186,5.98118720040462,5.89173507953907,4.5275756801529,5.97207327476489,6.67239550492032,5.69406568464831,6.27506103005326,5.6805239964864
23,5.87989627306603,6.39730122138449,5.94934530252584,6.08637304634611,6.00560642659819,5.53742001053043,6.4851248260442,5.265813252083,5.18742552809768,5.30378420081111,6.29588123595603,6.08609159684712,6.53581607238307,5.47441917470812,5.09851448767847,5.97169771333108,6.18214713858618,6.20857390312066,6.90558447245838,5.56724342328753,6.40735952396694,6.27891173303791,6.12486288966699,6.80323405823562,6.17763494591903,6.21315681025174,5.49002721778752,5.63976979226534,6.12471866394516,4.86626647344405,6.3204458464582,7.07529382679749,6.40062749150492,6.05369189789613,4.3208776502307,6.16935829344375,6.54419110570279,6.38294864982964,5.94159693317697,6.04912133211015
23.5,5.34555021725916,6.21110692132085,5.5348933761746,6.88837656185029,5.90884269867625,5.63697258734973,6.340923287379,5.44015870147745,6.00373808277625,5.40214300557593,6.11132730947178,5.81514246727465,6.34457743876512,5.56152370048411,5.00351120206448,5.63632451066567,6.49615366142534,5.730105181627,6.3254547636399,5.64792945545286,6.45462703636613,5.79959053447689,6.37222610953927,6.56025319002173,6.10473370567905,5.84301003399596,5.53777218394251,6.00320974615461,6.11496035559473,5.08356421890155,5.69173135857816,7.25013497573389,6.26080198082601,6.19733161866814,4.13178600805478,5.89042327411363,6.67366398340686,6.00592419729859,6.64247767838391,5.74225528361876
24,5.55401344924072,6.1974999746083,5.46075828112046,6.5146349748071,5.92745920095791,5.35563080981947,6.04135115791986,5.51076686582335,5.9970005435106,5.3873930191368,5.96175656721537,5.8085247054596,6.50598512716686,4.95856991723095,5.08597577583246,5.83434950942518,6.23184385442603,5.82513350306763,6.42705407916608,5.60290303319455,5.98219857654576,6.00100280379595,6.12712028643873,6.71551224428445,5.91957348697082,6.11710104380018,5.55872713683248,5.43702210959375,6.07874950265887,4.99704869256788,5.97340956522509,7.38984769703659,6.33229793009012,6.46352413568112,4.48704850091366,5.93518672793471,6.50478143060004,5.93875697812015,6.31069389798331,5.68860882804263
24.5,5.81249852445923,6.12302344283467,5.98452506240116,6.33615300421781,5.95062505484812,5.36213620488386,6.54222962207685,5.30031236420675,5.72248881940621,5.20739179250412,5.86437589479374,5.75147377773962,6.72891870790839,5.62994287935517,4.9252288335702,5.77558184484642,6.0648688190897,5.67754690680555,6.55745267300618,5.40779639392599,6.3442590281576,5.40720143471165,6.4227046268548,6.30266663964049,6.1634464738925,5.73650715582153,5.57358893020138,5.33923427698782,6.25738693919796,4.96699596957979,5.56677044735389,7.12396812836873,5.92153795977299,5.83804798134724,4.23523490072713,5.98396399886779,6.54360844283549,6.361833515557,5.8965726037572,6.00578526344008
25,5.58246734210646,6.3243514524177,5.41155601570889,6.26723834322188,5.84823129682845,5.52377623951283,6.24609706622047,5.48157644717895,6.01196531927758,4.86822706063887,6.09143877670822,5.41178771155423,6.76045268437832,5.5884786501802,5.2793851635593,5.5434848340388,6.25055003953204,5.58547964251447,6.58716497589696,5.42352733053599,5.87179153311983,6.18241732018576,6.26454328724491,6.68346479432539,5.79482759080863,5.85135615463915,5.24785411946872,5.61680848628135,6.01025899782111,5.11849666074486,5.23928111091179,7.56613032399011,5.89089147090464,6.03205754714018,4.23032574299899,5.81549278161772,6.2496770052797,6.2902581525901,6.432483105733,5.68561287444612
25.5,5.44405054389367,5.86207151187909,5.699527570754,6.24450654702875,5.83346921932849,5.59565432952147,6.05072858262478,5.39743238285178,5.45739026789249,4.99975418196798,6.18030939930146,6.09514069434689,6.50363759290839,5.3742924664172,5.23706059282899,5.39917285991876,6.21797579026574,5.65335016953827,6.36111362946799,5.36887036481686,5.92669541665755,5.91082485334517,6.36992433413775,6.55162853133808,5.71922357074028,5.58217107522117,5.7125273629858,5.41802201623283,6.44129049040998,4.81542966491974,5.57036066762559,7.05287249342579,5.87000888952845,5.90880388207003,4.29872967723195,5.98181954424145,6.52171871734382,6.05408362528743,6.42331907369528,5.75002571860555
26,5.39155258661927,6.21413048275017,6.16802983479186,5.86107453643678,6.01161021796617,5.51679965893567,5.52773377877989,5.11724259282286,5.96552272274853,4.78989688880142,5.86048513302606,5.69971782093257,6.39420237643403,5.09988804838895,4.90634371601091,5.60899358481541,6.5578125374425,5.59702401359723,5.97547659402447,5.83413770737482,6.07485310822336,6.23405478989739,5.97246428944474,6.58210391615262,5.74794353578672,5.65829231753896,5.51877023448291,5.28402697388571,5.60693216313571,4.91318337710854,5.69542103096073,7.15430635686298,5.88163311223674,5.90932589336231,4.13650702311405,5.98393184726671,6.22413544962201,5.86770235173397,6.51912406983894,6.09646625215438
26.5,5.16799238635835,5.70069868127699,5.86768513532562,5.93430720609394,5.87630274565064,5.01250454232885,5.95960387812406,5.31949751186024,5.54176984511055,5.11578346253408,5.69029310960055,5.61939261631604,6.46706931314303,4.86318838111272,5.03324947834379,5.0438905304928,6.30563130287208,5.82045055098361,6.83074405645139,5.09121412184803,6.0248715644731,6.09947188372001,6.4988892830575,6.60792914345278,5.92376032635941,6.01673093554886,5.8459165301354,5.35736828176559,5.81977185582273,5.08567355892985,5.70834690513678,7.08527275153647,6.03426566670612,5.65290305093092,3.95740981209285,5.78487652756126,6.35258267808005,6.17947930089144,5.94172908736741,5.34381172768793
27,5.33723761258529,6.23817823220283,5.74086170541393,6.37057351058915,6.24316839707445,5.23999949974608,6.19331519721198,5.14397294627079,5.55313805194226,4.91793296720865,5.81235618485332,5.49256173170862,6.33039525217337,5.32346658004359,4.96857973808682,5.54361242977725,6.38543834166898,5.69952650624134,5.90302750731564,5.01303403090656,5.63794313902982,5.66655549668903,6.21253927538616,6.36162544699325,5.51400002920763,5.95936634487287,5.41395463799911,5.27130514447724,5.66906267060412,4.54800976058792,5.48255019622319,7.13682770399755,5.92140628259354,6.11851433200263,3.75452519658275,5.94299386205631,5.99201351312286,6.12270106927527,6.25735393509328,5.54517130162137
27.5,5.17767753544815,5.31116666687464,5.9516378751942,6.44056679309788,5.58742382236984,5.50780250895138,6.08538001014055,4.76439932801361,5.28538151768525,4.93834015250365,6.2857579716946,5.37178476611803,6.28145588131767,5.00658059939133,5.12665379641353,5.13279235376564,6.31884143024255,5.77608497347631,5.95368168398562,5.36657332661556,5.92099540169689,5.88852541317474,6.15399944823478,6.3277297353472,5.85499603038372,5.83121107901832,5.28486181063291,5.82000163820585,5.77240689717441,4.64909315163939,5.28458149118682,7.19712433271174,5.93615778238141,5.71071397004677,3.99512692657995,5.4260440301417,6.52142135361947,6.59486986587873,5.90092149101255,5.43697067890849
28,5.32231670006891,5.82070805979177,5.4968108094879,6.16387787319665,5.78469805291719,5.22869968466099,6.16719361424569,4.9216203038732,5.47476373892232,5.07192745224006,5.77172412999115,5.62226938705239,5.72821105371121,4.64427635591481,4.88528945177077,5.68445191212123,6.2154195314113,5.53943728832262,6.24967039926781,5.70742579123257,5.53542933936268,5.97055174890068,6.073549876154,6.57775512312436,6.00923711739339,6.04961359778766,5.40533678447949,5.42804024177267,6.07927759592605,4.43426015192169,5.40904681737881,7.07400085020521,6.02534724461141,5.60207122278072,3.78852912415957,5.63318177928052,6.31632542812112,6.07804889677124,6.10395738706664,5.78409050234086
28.5,5.21352316366874,5.81395639234119,5.03392786070529,5.87999884349871,5.69642802428648,5.24101098949165,5.78015929466236,4.8453503584398,5.41090513511082,4.89752090814441,6.05056130153772,5.87170225433564,6.33627528666009,5.1809373955007,4.79521885085572,5.02857846438779,6.22115824685546,5.71471113298702,6.18437067443057,5.20029544605952,6.11151975636231,5.90949576606393,5.99554783979989,6.4423067366194,6.20534258040614,5.81177210326268,5.1212328620579,5.33349346651163,6.11378150200633,4.61215230720019,5.41990474607206,7.30430546957389,5.68379392191988,6.19895070189625,4.01668063248026,5.39577602146781,5.90266659355999,6.09084199852009,6.1385815270285,5.68869987933932
29,5.15052038999724,5.56231797708965,5.39544749862724,5.91862026863729,5.80604156619241,5.13402289986043,5.85625533851443,4.70503247112133,5.56875022539294,4.8510215057098,5.67981157930392,5.29870204599455,6.46345262922936,4.48678975744552,4.76638087537799,4.77700392711983,6.22839272992627,5.61257533467804,6.62470474758825,5.16221379660588,5.49885643187526,5.81983835465495,6.19191968368901,6.31256606341397,5.69436935852339,5.74161886727278,5.05011755125745,5.17419732427742,5.95481821077656,4.58570714698992,5.37177643529458,6.76273278475829,5.83193153906008,5.9534651858304,3.26367206840641,5.78754772024252,6.01584773030609,6.18902094099313,6.10794817978399,5.70384167548251
29.5,5.32551146972064,6.12298018477488,5.25347865555928,5.96415949756706,5.49796874827476,5.05852504277073,5.48508329721711,4.96032276311557,5.63804448252891,4.68185494877189,6.10732009077259,5.60739893834172,6.43226899327159,4.8173197539159,4.97414998710388,5.20634023863941,6.44606174954169,5.68006957345712,6.14647989915315,5.2479060759507,5.72966470723979,5.88969904637709,5.30542305524089,6.23572989174565,5.92068596849287,5.37362089008419,4.95098901103138,5.16308474625197,5.66998827562444,4.57345602631191,5.36729630375983,6.72565026462572,5.85228264790604,5.73027778011551,3.74382652075752,5.69081145395182,6.23451165135828,6.19131839501249,5.90567673898571,5.69846615523578
30,4.91122013829255,6.21221811353122,5.49607813497417,5.78411902221219,5.73112027745249,5.45272195207709,6.05913992005356,4.87442693037852,5.29444704996428,4.70367082042594,5.89405881600078,5.6800911103088,6.2501292663619,4.82911686135106,4.76146123871218,5.29006805846686,5.86465380650106,5.97447442219634,6.46533955576995,4.87290281491942,5.65579626635053,5.62556739070268,6.1258017548698,6.33348988963531,5.59579801182014,5.70194441727654,5.0548423607403,5.31998344804096,6.16763226158538,4.82932623563877,5.17604396057266,6.98272753771683,5.74937257889076,6.05615095793704,3.67389317247947,5.87299531563651,6.01703029812309,5.78688092855605,6.30287951251361,5.75794531833008
